s_no,sheet_name,description,rate_source,unit_rate,quantity,total_usd,status,flag,delta_pct,cg_band,charge_group,issues,tolerance,ref_rate_usd,doc_aed,gate_status,gate_score,gate_fails,supporting_docs_list,evidence_count,evidence_types
1,SCT0126,MASTER DO FEE,CONTRACT,150.0,1.0,150.0,PASS,OK,0.0,PASS,Contract,[],0.03,,,PASS,100.0,,"[{'file_name': 'HVDC-ADOPT-SCT-0126_BOE.pdf', 'file_path': 'C:\\cursor mcp\\HVDC_Invoice_Audit\\01_DSV_SHPT\\Data\\DSV 202509\\SCNT Import (Sept 2025) - Supporting Documents\\01. HVDC-ADOPT-SCT-0126\\HVDC-ADOPT-SCT-0126_BOE.pdf', 'doc_type': 'BOE', 'file_size': 297700}, {'file_name': 'HVDC-ADOPT-SCT-0126_CarrierInvoice.pdf', 'file_path': 'C:\\cursor mcp\\HVDC_Invoice_Audit\\01_DSV_SHPT\\Data\\DSV 202509\\SCNT Import (Sept 2025) - Supporting Documents\\01. HVDC-ADOPT-SCT-0126\\HVDC-ADOPT-SCT-0126_CarrierInvoice.pdf', 'doc_type': 'DO', 'file_size': 118351}, {'file_name': 'HVDC-ADOPT-SCT-0126_DN (DSV-KP) Empty Return.pdf', 'file_path': 'C:\\cursor mcp\\HVDC_Invoice_Audit\\01_DSV_SHPT\\Data\\DSV 202509\\SCNT Import (Sept 2025) - Supporting Documents\\01. HVDC-ADOPT-SCT-0126\\HVDC-ADOPT-SCT-0126_DN (DSV-KP) Empty Return.pdf', 'doc_type': 'DN', 'file_size': 82909}, {'file_name': 'HVDC-ADOPT-SCT-0126_DN (KP-DSV).pdf', 'file_path': 'C:\\cursor mcp\\HVDC_Invoice_Audit\\01_DSV_SHPT\\Data\\DSV 202509\\SCNT Import (Sept 2025) - Supporting Documents\\01. HVDC-ADOPT-SCT-0126\\HVDC-ADOPT-SCT-0126_DN (KP-DSV).pdf', 'doc_type': 'DN', 'file_size': 60907}, {'file_name': 'HVDC-ADOPT-SCT-0126_DO.pdf', 'file_path': 'C:\\cursor mcp\\HVDC_Invoice_Audit\\01_DSV_SHPT\\Data\\DSV 202509\\SCNT Import (Sept 2025) - Supporting Documents\\01. HVDC-ADOPT-SCT-0126\\HVDC-ADOPT-SCT-0126_DO.pdf', 'doc_type': 'DO', 'file_size': 65434}, {'file_name': 'HVDC-ADOPT-SCT-0126_PortCNTInspection.pdf', 'file_path': 'C:\\cursor mcp\\HVDC_Invoice_Audit\\01_DSV_SHPT\\Data\\DSV 202509\\SCNT Import (Sept 2025) - Supporting Documents\\01. HVDC-ADOPT-SCT-0126\\HVDC-ADOPT-SCT-0126_PortCNTInspection.pdf', 'doc_type': 'DO', 'file_size': 55340}, {'file_name': 'HVDC-ADOPT-SCT-0126_DAS_DN (DSV-MOSB).pdf', 'file_path': 'C:\\cursor mcp\\HVDC_Invoice_Audit\\01_DSV_SHPT\\Data\\DSV 202509\\SCNT Domestic (Sept 2025) - Supporting Documents\\04. HVDC-ADOPT-SCT-0126\\HVDC-ADOPT-SCT-0126_DAS_DN (DSV-MOSB).pdf', 'doc_type': 'DN', 'file_size': 69500}, {'file_name': 'HVDC-ADOPT-SCT-0126_DN (DSV-MIRFA).pdf', 'file_path': 'C:\\cursor mcp\\HVDC_Invoice_Audit\\01_DSV_SHPT\\Data\\DSV 202509\\SCNT Domestic (Sept 2025) - Supporting Documents\\04. HVDC-ADOPT-SCT-0126\\HVDC-ADOPT-SCT-0126_DN (DSV-MIRFA).pdf', 'doc_type': 'DN', 'file_size': 69510}, {'file_name': 'HVDC-ADOPT-SCT-0126_DN (DSV-SHU).pdf', 'file_path': 'C:\\cursor mcp\\HVDC_Invoice_Audit\\01_DSV_SHPT\\Data\\DSV 202509\\SCNT Domestic (Sept 2025) - Supporting Documents\\04. HVDC-ADOPT-SCT-0126\\HVDC-ADOPT-SCT-0126_DN (DSV-SHU).pdf', 'doc_type': 'DN', 'file_size': 60248}, {'file_name': 'HVDC-ADOPT-SCT-0126_DN (MOSB-DSV).pdf', 'file_path': 'C:\\cursor mcp\\HVDC_Invoice_Audit\\01_DSV_SHPT\\Data\\DSV 202509\\SCNT Domestic (Sept 2025) - Supporting Documents\\04. HVDC-ADOPT-SCT-0126\\HVDC-ADOPT-SCT-0126_DN (MOSB-DSV).pdf', 'doc_type': 'DN', 'file_size': 43338}]",10,"['BOE', 'DO', 'DN']"
2,SCT0126,CUSTOMS CLEARANCE FEE,CONTRACT,150.0,1.0,150.0,PASS,OK,0.0,PASS,Contract,[],0.03,,,PASS,100.0,,"[{'file_name': 'HVDC-ADOPT-SCT-0126_BOE.pdf', 'file_path': 'C:\\cursor mcp\\HVDC_Invoice_Audit\\01_DSV_SHPT\\Data\\DSV 202509\\SCNT Import (Sept 2025) - Supporting Documents\\01. HVDC-ADOPT-SCT-0126\\HVDC-ADOPT-SCT-0126_BOE.pdf', 'doc_type': 'BOE', 'file_size': 297700}, {'file_name': 'HVDC-ADOPT-SCT-0126_CarrierInvoice.pdf', 'file_path': 'C:\\cursor mcp\\HVDC_Invoice_Audit\\01_DSV_SHPT\\Data\\DSV 202509\\SCNT Import (Sept 2025) - Supporting Documents\\01. HVDC-ADOPT-SCT-0126\\HVDC-ADOPT-SCT-0126_CarrierInvoice.pdf', 'doc_type': 'DO', 'file_size': 118351}, {'file_name': 'HVDC-ADOPT-SCT-0126_DN (DSV-KP) Empty Return.pdf', 'file_path': 'C:\\cursor mcp\\HVDC_Invoice_Audit\\01_DSV_SHPT\\Data\\DSV 202509\\SCNT Import (Sept 2025) - Supporting Documents\\01. HVDC-ADOPT-SCT-0126\\HVDC-ADOPT-SCT-0126_DN (DSV-KP) Empty Return.pdf', 'doc_type': 'DN', 'file_size': 82909}, {'file_name': 'HVDC-ADOPT-SCT-0126_DN (KP-DSV).pdf', 'file_path': 'C:\\cursor mcp\\HVDC_Invoice_Audit\\01_DSV_SHPT\\Data\\DSV 202509\\SCNT Import (Sept 2025) - Supporting Documents\\01. HVDC-ADOPT-SCT-0126\\HVDC-ADOPT-SCT-0126_DN (KP-DSV).pdf', 'doc_type': 'DN', 'file_size': 60907}, {'file_name': 'HVDC-ADOPT-SCT-0126_DO.pdf', 'file_path': 'C:\\cursor mcp\\HVDC_Invoice_Audit\\01_DSV_SHPT\\Data\\DSV 202509\\SCNT Import (Sept 2025) - Supporting Documents\\01. HVDC-ADOPT-SCT-0126\\HVDC-ADOPT-SCT-0126_DO.pdf', 'doc_type': 'DO', 'file_size': 65434}, {'file_name': 'HVDC-ADOPT-SCT-0126_PortCNTInspection.pdf', 'file_path': 'C:\\cursor mcp\\HVDC_Invoice_Audit\\01_DSV_SHPT\\Data\\DSV 202509\\SCNT Import (Sept 2025) - Supporting Documents\\01. HVDC-ADOPT-SCT-0126\\HVDC-ADOPT-SCT-0126_PortCNTInspection.pdf', 'doc_type': 'DO', 'file_size': 55340}, {'file_name': 'HVDC-ADOPT-SCT-0126_DAS_DN (DSV-MOSB).pdf', 'file_path': 'C:\\cursor mcp\\HVDC_Invoice_Audit\\01_DSV_SHPT\\Data\\DSV 202509\\SCNT Domestic (Sept 2025) - Supporting Documents\\04. HVDC-ADOPT-SCT-0126\\HVDC-ADOPT-SCT-0126_DAS_DN (DSV-MOSB).pdf', 'doc_type': 'DN', 'file_size': 69500}, {'file_name': 'HVDC-ADOPT-SCT-0126_DN (DSV-MIRFA).pdf', 'file_path': 'C:\\cursor mcp\\HVDC_Invoice_Audit\\01_DSV_SHPT\\Data\\DSV 202509\\SCNT Domestic (Sept 2025) - Supporting Documents\\04. HVDC-ADOPT-SCT-0126\\HVDC-ADOPT-SCT-0126_DN (DSV-MIRFA).pdf', 'doc_type': 'DN', 'file_size': 69510}, {'file_name': 'HVDC-ADOPT-SCT-0126_DN (DSV-SHU).pdf', 'file_path': 'C:\\cursor mcp\\HVDC_Invoice_Audit\\01_DSV_SHPT\\Data\\DSV 202509\\SCNT Domestic (Sept 2025) - Supporting Documents\\04. HVDC-ADOPT-SCT-0126\\HVDC-ADOPT-SCT-0126_DN (DSV-SHU).pdf', 'doc_type': 'DN', 'file_size': 60248}, {'file_name': 'HVDC-ADOPT-SCT-0126_DN (MOSB-DSV).pdf', 'file_path': 'C:\\cursor mcp\\HVDC_Invoice_Audit\\01_DSV_SHPT\\Data\\DSV 202509\\SCNT Domestic (Sept 2025) - Supporting Documents\\04. HVDC-ADOPT-SCT-0126\\HVDC-ADOPT-SCT-0126_DN (MOSB-DSV).pdf', 'doc_type': 'DN', 'file_size': 43338}]",10,"['BOE', 'DO', 'DN']"
3,SCT0126,TERMINAL HANDLING FEE (1 X 20DC),CONTRACT,372.0,1.0,372.0,PASS,OK,0.0,PASS,Contract,[],0.03,,,PASS,100.0,,"[{'file_name': 'HVDC-ADOPT-SCT-0126_BOE.pdf', 'file_path': 'C:\\cursor mcp\\HVDC_Invoice_Audit\\01_DSV_SHPT\\Data\\DSV 202509\\SCNT Import (Sept 2025) - Supporting Documents\\01. HVDC-ADOPT-SCT-0126\\HVDC-ADOPT-SCT-0126_BOE.pdf', 'doc_type': 'BOE', 'file_size': 297700}, {'file_name': 'HVDC-ADOPT-SCT-0126_CarrierInvoice.pdf', 'file_path': 'C:\\cursor mcp\\HVDC_Invoice_Audit\\01_DSV_SHPT\\Data\\DSV 202509\\SCNT Import (Sept 2025) - Supporting Documents\\01. HVDC-ADOPT-SCT-0126\\HVDC-ADOPT-SCT-0126_CarrierInvoice.pdf', 'doc_type': 'DO', 'file_size': 118351}, {'file_name': 'HVDC-ADOPT-SCT-0126_DN (DSV-KP) Empty Return.pdf', 'file_path': 'C:\\cursor mcp\\HVDC_Invoice_Audit\\01_DSV_SHPT\\Data\\DSV 202509\\SCNT Import (Sept 2025) - Supporting Documents\\01. HVDC-ADOPT-SCT-0126\\HVDC-ADOPT-SCT-0126_DN (DSV-KP) Empty Return.pdf', 'doc_type': 'DN', 'file_size': 82909}, {'file_name': 'HVDC-ADOPT-SCT-0126_DN (KP-DSV).pdf', 'file_path': 'C:\\cursor mcp\\HVDC_Invoice_Audit\\01_DSV_SHPT\\Data\\DSV 202509\\SCNT Import (Sept 2025) - Supporting Documents\\01. HVDC-ADOPT-SCT-0126\\HVDC-ADOPT-SCT-0126_DN (KP-DSV).pdf', 'doc_type': 'DN', 'file_size': 60907}, {'file_name': 'HVDC-ADOPT-SCT-0126_DO.pdf', 'file_path': 'C:\\cursor mcp\\HVDC_Invoice_Audit\\01_DSV_SHPT\\Data\\DSV 202509\\SCNT Import (Sept 2025) - Supporting Documents\\01. HVDC-ADOPT-SCT-0126\\HVDC-ADOPT-SCT-0126_DO.pdf', 'doc_type': 'DO', 'file_size': 65434}, {'file_name': 'HVDC-ADOPT-SCT-0126_PortCNTInspection.pdf', 'file_path': 'C:\\cursor mcp\\HVDC_Invoice_Audit\\01_DSV_SHPT\\Data\\DSV 202509\\SCNT Import (Sept 2025) - Supporting Documents\\01. HVDC-ADOPT-SCT-0126\\HVDC-ADOPT-SCT-0126_PortCNTInspection.pdf', 'doc_type': 'DO', 'file_size': 55340}, {'file_name': 'HVDC-ADOPT-SCT-0126_DAS_DN (DSV-MOSB).pdf', 'file_path': 'C:\\cursor mcp\\HVDC_Invoice_Audit\\01_DSV_SHPT\\Data\\DSV 202509\\SCNT Domestic (Sept 2025) - Supporting Documents\\04. HVDC-ADOPT-SCT-0126\\HVDC-ADOPT-SCT-0126_DAS_DN (DSV-MOSB).pdf', 'doc_type': 'DN', 'file_size': 69500}, {'file_name': 'HVDC-ADOPT-SCT-0126_DN (DSV-MIRFA).pdf', 'file_path': 'C:\\cursor mcp\\HVDC_Invoice_Audit\\01_DSV_SHPT\\Data\\DSV 202509\\SCNT Domestic (Sept 2025) - Supporting Documents\\04. HVDC-ADOPT-SCT-0126\\HVDC-ADOPT-SCT-0126_DN (DSV-MIRFA).pdf', 'doc_type': 'DN', 'file_size': 69510}, {'file_name': 'HVDC-ADOPT-SCT-0126_DN (DSV-SHU).pdf', 'file_path': 'C:\\cursor mcp\\HVDC_Invoice_Audit\\01_DSV_SHPT\\Data\\DSV 202509\\SCNT Domestic (Sept 2025) - Supporting Documents\\04. HVDC-ADOPT-SCT-0126\\HVDC-ADOPT-SCT-0126_DN (DSV-SHU).pdf', 'doc_type': 'DN', 'file_size': 60248}, {'file_name': 'HVDC-ADOPT-SCT-0126_DN (MOSB-DSV).pdf', 'file_path': 'C:\\cursor mcp\\HVDC_Invoice_Audit\\01_DSV_SHPT\\Data\\DSV 202509\\SCNT Domestic (Sept 2025) - Supporting Documents\\04. HVDC-ADOPT-SCT-0126\\HVDC-ADOPT-SCT-0126_DN (MOSB-DSV).pdf', 'doc_type': 'DN', 'file_size': 43338}]",10,"['BOE', 'DO', 'DN']"
4,SCT0126,TERMINAL HANDLING FEE (2 X 40HC),CONTRACT,479.0,2.0,958.0,PASS,OK,0.0,PASS,Contract,[],0.03,,,PASS,100.0,,"[{'file_name': 'HVDC-ADOPT-SCT-0126_BOE.pdf', 'file_path': 'C:\\cursor mcp\\HVDC_Invoice_Audit\\01_DSV_SHPT\\Data\\DSV 202509\\SCNT Import (Sept 2025) - Supporting Documents\\01. HVDC-ADOPT-SCT-0126\\HVDC-ADOPT-SCT-0126_BOE.pdf', 'doc_type': 'BOE', 'file_size': 297700}, {'file_name': 'HVDC-ADOPT-SCT-0126_CarrierInvoice.pdf', 'file_path': 'C:\\cursor mcp\\HVDC_Invoice_Audit\\01_DSV_SHPT\\Data\\DSV 202509\\SCNT Import (Sept 2025) - Supporting Documents\\01. HVDC-ADOPT-SCT-0126\\HVDC-ADOPT-SCT-0126_CarrierInvoice.pdf', 'doc_type': 'DO', 'file_size': 118351}, {'file_name': 'HVDC-ADOPT-SCT-0126_DN (DSV-KP) Empty Return.pdf', 'file_path': 'C:\\cursor mcp\\HVDC_Invoice_Audit\\01_DSV_SHPT\\Data\\DSV 202509\\SCNT Import (Sept 2025) - Supporting Documents\\01. HVDC-ADOPT-SCT-0126\\HVDC-ADOPT-SCT-0126_DN (DSV-KP) Empty Return.pdf', 'doc_type': 'DN', 'file_size': 82909}, {'file_name': 'HVDC-ADOPT-SCT-0126_DN (KP-DSV).pdf', 'file_path': 'C:\\cursor mcp\\HVDC_Invoice_Audit\\01_DSV_SHPT\\Data\\DSV 202509\\SCNT Import (Sept 2025) - Supporting Documents\\01. HVDC-ADOPT-SCT-0126\\HVDC-ADOPT-SCT-0126_DN (KP-DSV).pdf', 'doc_type': 'DN', 'file_size': 60907}, {'file_name': 'HVDC-ADOPT-SCT-0126_DO.pdf', 'file_path': 'C:\\cursor mcp\\HVDC_Invoice_Audit\\01_DSV_SHPT\\Data\\DSV 202509\\SCNT Import (Sept 2025) - Supporting Documents\\01. HVDC-ADOPT-SCT-0126\\HVDC-ADOPT-SCT-0126_DO.pdf', 'doc_type': 'DO', 'file_size': 65434}, {'file_name': 'HVDC-ADOPT-SCT-0126_PortCNTInspection.pdf', 'file_path': 'C:\\cursor mcp\\HVDC_Invoice_Audit\\01_DSV_SHPT\\Data\\DSV 202509\\SCNT Import (Sept 2025) - Supporting Documents\\01. HVDC-ADOPT-SCT-0126\\HVDC-ADOPT-SCT-0126_PortCNTInspection.pdf', 'doc_type': 'DO', 'file_size': 55340}, {'file_name': 'HVDC-ADOPT-SCT-0126_DAS_DN (DSV-MOSB).pdf', 'file_path': 'C:\\cursor mcp\\HVDC_Invoice_Audit\\01_DSV_SHPT\\Data\\DSV 202509\\SCNT Domestic (Sept 2025) - Supporting Documents\\04. HVDC-ADOPT-SCT-0126\\HVDC-ADOPT-SCT-0126_DAS_DN (DSV-MOSB).pdf', 'doc_type': 'DN', 'file_size': 69500}, {'file_name': 'HVDC-ADOPT-SCT-0126_DN (DSV-MIRFA).pdf', 'file_path': 'C:\\cursor mcp\\HVDC_Invoice_Audit\\01_DSV_SHPT\\Data\\DSV 202509\\SCNT Domestic (Sept 2025) - Supporting Documents\\04. HVDC-ADOPT-SCT-0126\\HVDC-ADOPT-SCT-0126_DN (DSV-MIRFA).pdf', 'doc_type': 'DN', 'file_size': 69510}, {'file_name': 'HVDC-ADOPT-SCT-0126_DN (DSV-SHU).pdf', 'file_path': 'C:\\cursor mcp\\HVDC_Invoice_Audit\\01_DSV_SHPT\\Data\\DSV 202509\\SCNT Domestic (Sept 2025) - Supporting Documents\\04. HVDC-ADOPT-SCT-0126\\HVDC-ADOPT-SCT-0126_DN (DSV-SHU).pdf', 'doc_type': 'DN', 'file_size': 60248}, {'file_name': 'HVDC-ADOPT-SCT-0126_DN (MOSB-DSV).pdf', 'file_path': 'C:\\cursor mcp\\HVDC_Invoice_Audit\\01_DSV_SHPT\\Data\\DSV 202509\\SCNT Domestic (Sept 2025) - Supporting Documents\\04. HVDC-ADOPT-SCT-0126\\HVDC-ADOPT-SCT-0126_DN (MOSB-DSV).pdf', 'doc_type': 'DN', 'file_size': 43338}]",10,"['BOE', 'DO', 'DN']"
5,SCT0126,TRANSPORTATION CHARGES (1 X 20DC / 2 X 40HC) FROM KHALIFA PORT TO DSV MUSSAFAH YARD,CONTRACT,252.0,3.0,756.0,PASS,OK,0.0,PASS,Contract,[],0.03,,,PASS,100.0,,"[{'file_name': 'HVDC-ADOPT-SCT-0126_BOE.pdf', 'file_path': 'C:\\cursor mcp\\HVDC_Invoice_Audit\\01_DSV_SHPT\\Data\\DSV 202509\\SCNT Import (Sept 2025) - Supporting Documents\\01. HVDC-ADOPT-SCT-0126\\HVDC-ADOPT-SCT-0126_BOE.pdf', 'doc_type': 'BOE', 'file_size': 297700}, {'file_name': 'HVDC-ADOPT-SCT-0126_CarrierInvoice.pdf', 'file_path': 'C:\\cursor mcp\\HVDC_Invoice_Audit\\01_DSV_SHPT\\Data\\DSV 202509\\SCNT Import (Sept 2025) - Supporting Documents\\01. HVDC-ADOPT-SCT-0126\\HVDC-ADOPT-SCT-0126_CarrierInvoice.pdf', 'doc_type': 'DO', 'file_size': 118351}, {'file_name': 'HVDC-ADOPT-SCT-0126_DN (DSV-KP) Empty Return.pdf', 'file_path': 'C:\\cursor mcp\\HVDC_Invoice_Audit\\01_DSV_SHPT\\Data\\DSV 202509\\SCNT Import (Sept 2025) - Supporting Documents\\01. HVDC-ADOPT-SCT-0126\\HVDC-ADOPT-SCT-0126_DN (DSV-KP) Empty Return.pdf', 'doc_type': 'DN', 'file_size': 82909}, {'file_name': 'HVDC-ADOPT-SCT-0126_DN (KP-DSV).pdf', 'file_path': 'C:\\cursor mcp\\HVDC_Invoice_Audit\\01_DSV_SHPT\\Data\\DSV 202509\\SCNT Import (Sept 2025) - Supporting Documents\\01. HVDC-ADOPT-SCT-0126\\HVDC-ADOPT-SCT-0126_DN (KP-DSV).pdf', 'doc_type': 'DN', 'file_size': 60907}, {'file_name': 'HVDC-ADOPT-SCT-0126_DO.pdf', 'file_path': 'C:\\cursor mcp\\HVDC_Invoice_Audit\\01_DSV_SHPT\\Data\\DSV 202509\\SCNT Import (Sept 2025) - Supporting Documents\\01. HVDC-ADOPT-SCT-0126\\HVDC-ADOPT-SCT-0126_DO.pdf', 'doc_type': 'DO', 'file_size': 65434}, {'file_name': 'HVDC-ADOPT-SCT-0126_PortCNTInspection.pdf', 'file_path': 'C:\\cursor mcp\\HVDC_Invoice_Audit\\01_DSV_SHPT\\Data\\DSV 202509\\SCNT Import (Sept 2025) - Supporting Documents\\01. HVDC-ADOPT-SCT-0126\\HVDC-ADOPT-SCT-0126_PortCNTInspection.pdf', 'doc_type': 'DO', 'file_size': 55340}, {'file_name': 'HVDC-ADOPT-SCT-0126_DAS_DN (DSV-MOSB).pdf', 'file_path': 'C:\\cursor mcp\\HVDC_Invoice_Audit\\01_DSV_SHPT\\Data\\DSV 202509\\SCNT Domestic (Sept 2025) - Supporting Documents\\04. HVDC-ADOPT-SCT-0126\\HVDC-ADOPT-SCT-0126_DAS_DN (DSV-MOSB).pdf', 'doc_type': 'DN', 'file_size': 69500}, {'file_name': 'HVDC-ADOPT-SCT-0126_DN (DSV-MIRFA).pdf', 'file_path': 'C:\\cursor mcp\\HVDC_Invoice_Audit\\01_DSV_SHPT\\Data\\DSV 202509\\SCNT Domestic (Sept 2025) - Supporting Documents\\04. HVDC-ADOPT-SCT-0126\\HVDC-ADOPT-SCT-0126_DN (DSV-MIRFA).pdf', 'doc_type': 'DN', 'file_size': 69510}, {'file_name': 'HVDC-ADOPT-SCT-0126_DN (DSV-SHU).pdf', 'file_path': 'C:\\cursor mcp\\HVDC_Invoice_Audit\\01_DSV_SHPT\\Data\\DSV 202509\\SCNT Domestic (Sept 2025) - Supporting Documents\\04. HVDC-ADOPT-SCT-0126\\HVDC-ADOPT-SCT-0126_DN (DSV-SHU).pdf', 'doc_type': 'DN', 'file_size': 60248}, {'file_name': 'HVDC-ADOPT-SCT-0126_DN (MOSB-DSV).pdf', 'file_path': 'C:\\cursor mcp\\HVDC_Invoice_Audit\\01_DSV_SHPT\\Data\\DSV 202509\\SCNT Domestic (Sept 2025) - Supporting Documents\\04. HVDC-ADOPT-SCT-0126\\HVDC-ADOPT-SCT-0126_DN (MOSB-DSV).pdf', 'doc_type': 'DN', 'file_size': 43338}]",10,"['BOE', 'DO', 'DN']"
6,SCT0126,TRANSPORTATION CHARGES (1 X 20DC / 2 X 40HC) FROM DSV MUSSAFAH YARD TO KHALIFA PORT (EMPTY RETURN),CONTRACT,252.0,3.0,756.0,PASS,OK,0.0,PASS,Contract,[],0.03,,,PASS,100.0,,"[{'file_name': 'HVDC-ADOPT-SCT-0126_BOE.pdf', 'file_path': 'C:\\cursor mcp\\HVDC_Invoice_Audit\\01_DSV_SHPT\\Data\\DSV 202509\\SCNT Import (Sept 2025) - Supporting Documents\\01. HVDC-ADOPT-SCT-0126\\HVDC-ADOPT-SCT-0126_BOE.pdf', 'doc_type': 'BOE', 'file_size': 297700}, {'file_name': 'HVDC-ADOPT-SCT-0126_CarrierInvoice.pdf', 'file_path': 'C:\\cursor mcp\\HVDC_Invoice_Audit\\01_DSV_SHPT\\Data\\DSV 202509\\SCNT Import (Sept 2025) - Supporting Documents\\01. HVDC-ADOPT-SCT-0126\\HVDC-ADOPT-SCT-0126_CarrierInvoice.pdf', 'doc_type': 'DO', 'file_size': 118351}, {'file_name': 'HVDC-ADOPT-SCT-0126_DN (DSV-KP) Empty Return.pdf', 'file_path': 'C:\\cursor mcp\\HVDC_Invoice_Audit\\01_DSV_SHPT\\Data\\DSV 202509\\SCNT Import (Sept 2025) - Supporting Documents\\01. HVDC-ADOPT-SCT-0126\\HVDC-ADOPT-SCT-0126_DN (DSV-KP) Empty Return.pdf', 'doc_type': 'DN', 'file_size': 82909}, {'file_name': 'HVDC-ADOPT-SCT-0126_DN (KP-DSV).pdf', 'file_path': 'C:\\cursor mcp\\HVDC_Invoice_Audit\\01_DSV_SHPT\\Data\\DSV 202509\\SCNT Import (Sept 2025) - Supporting Documents\\01. HVDC-ADOPT-SCT-0126\\HVDC-ADOPT-SCT-0126_DN (KP-DSV).pdf', 'doc_type': 'DN', 'file_size': 60907}, {'file_name': 'HVDC-ADOPT-SCT-0126_DO.pdf', 'file_path': 'C:\\cursor mcp\\HVDC_Invoice_Audit\\01_DSV_SHPT\\Data\\DSV 202509\\SCNT Import (Sept 2025) - Supporting Documents\\01. HVDC-ADOPT-SCT-0126\\HVDC-ADOPT-SCT-0126_DO.pdf', 'doc_type': 'DO', 'file_size': 65434}, {'file_name': 'HVDC-ADOPT-SCT-0126_PortCNTInspection.pdf', 'file_path': 'C:\\cursor mcp\\HVDC_Invoice_Audit\\01_DSV_SHPT\\Data\\DSV 202509\\SCNT Import (Sept 2025) - Supporting Documents\\01. HVDC-ADOPT-SCT-0126\\HVDC-ADOPT-SCT-0126_PortCNTInspection.pdf', 'doc_type': 'DO', 'file_size': 55340}, {'file_name': 'HVDC-ADOPT-SCT-0126_DAS_DN (DSV-MOSB).pdf', 'file_path': 'C:\\cursor mcp\\HVDC_Invoice_Audit\\01_DSV_SHPT\\Data\\DSV 202509\\SCNT Domestic (Sept 2025) - Supporting Documents\\04. HVDC-ADOPT-SCT-0126\\HVDC-ADOPT-SCT-0126_DAS_DN (DSV-MOSB).pdf', 'doc_type': 'DN', 'file_size': 69500}, {'file_name': 'HVDC-ADOPT-SCT-0126_DN (DSV-MIRFA).pdf', 'file_path': 'C:\\cursor mcp\\HVDC_Invoice_Audit\\01_DSV_SHPT\\Data\\DSV 202509\\SCNT Domestic (Sept 2025) - Supporting Documents\\04. HVDC-ADOPT-SCT-0126\\HVDC-ADOPT-SCT-0126_DN (DSV-MIRFA).pdf', 'doc_type': 'DN', 'file_size': 69510}, {'file_name': 'HVDC-ADOPT-SCT-0126_DN (DSV-SHU).pdf', 'file_path': 'C:\\cursor mcp\\HVDC_Invoice_Audit\\01_DSV_SHPT\\Data\\DSV 202509\\SCNT Domestic (Sept 2025) - Supporting Documents\\04. HVDC-ADOPT-SCT-0126\\HVDC-ADOPT-SCT-0126_DN (DSV-SHU).pdf', 'doc_type': 'DN', 'file_size': 60248}, {'file_name': 'HVDC-ADOPT-SCT-0126_DN (MOSB-DSV).pdf', 'file_path': 'C:\\cursor mcp\\HVDC_Invoice_Audit\\01_DSV_SHPT\\Data\\DSV 202509\\SCNT Domestic (Sept 2025) - Supporting Documents\\04. HVDC-ADOPT-SCT-0126\\HVDC-ADOPT-SCT-0126_DN (MOSB-DSV).pdf', 'doc_type': 'DN', 'file_size': 43338}]",10,"['BOE', 'DO', 'DN']"
7,SCT0126,CARRIER CONTAINER RETURN SERVICE FEE,AT COST,145.6773315180395,1.0,145.6773315180395,PASS,OK,0.0,PASS,AtCost,[],0.03,,,PASS,100.0,,"[{'file_name': 'HVDC-ADOPT-SCT-0126_BOE.pdf', 'file_path': 'C:\\cursor mcp\\HVDC_Invoice_Audit\\01_DSV_SHPT\\Data\\DSV 202509\\SCNT Import (Sept 2025) - Supporting Documents\\01. HVDC-ADOPT-SCT-0126\\HVDC-ADOPT-SCT-0126_BOE.pdf', 'doc_type': 'BOE', 'file_size': 297700}, {'file_name': 'HVDC-ADOPT-SCT-0126_CarrierInvoice.pdf', 'file_path': 'C:\\cursor mcp\\HVDC_Invoice_Audit\\01_DSV_SHPT\\Data\\DSV 202509\\SCNT Import (Sept 2025) - Supporting Documents\\01. HVDC-ADOPT-SCT-0126\\HVDC-ADOPT-SCT-0126_CarrierInvoice.pdf', 'doc_type': 'DO', 'file_size': 118351}, {'file_name': 'HVDC-ADOPT-SCT-0126_DN (DSV-KP) Empty Return.pdf', 'file_path': 'C:\\cursor mcp\\HVDC_Invoice_Audit\\01_DSV_SHPT\\Data\\DSV 202509\\SCNT Import (Sept 2025) - Supporting Documents\\01. HVDC-ADOPT-SCT-0126\\HVDC-ADOPT-SCT-0126_DN (DSV-KP) Empty Return.pdf', 'doc_type': 'DN', 'file_size': 82909}, {'file_name': 'HVDC-ADOPT-SCT-0126_DN (KP-DSV).pdf', 'file_path': 'C:\\cursor mcp\\HVDC_Invoice_Audit\\01_DSV_SHPT\\Data\\DSV 202509\\SCNT Import (Sept 2025) - Supporting Documents\\01. HVDC-ADOPT-SCT-0126\\HVDC-ADOPT-SCT-0126_DN (KP-DSV).pdf', 'doc_type': 'DN', 'file_size': 60907}, {'file_name': 'HVDC-ADOPT-SCT-0126_DO.pdf', 'file_path': 'C:\\cursor mcp\\HVDC_Invoice_Audit\\01_DSV_SHPT\\Data\\DSV 202509\\SCNT Import (Sept 2025) - Supporting Documents\\01. HVDC-ADOPT-SCT-0126\\HVDC-ADOPT-SCT-0126_DO.pdf', 'doc_type': 'DO', 'file_size': 65434}, {'file_name': 'HVDC-ADOPT-SCT-0126_PortCNTInspection.pdf', 'file_path': 'C:\\cursor mcp\\HVDC_Invoice_Audit\\01_DSV_SHPT\\Data\\DSV 202509\\SCNT Import (Sept 2025) - Supporting Documents\\01. HVDC-ADOPT-SCT-0126\\HVDC-ADOPT-SCT-0126_PortCNTInspection.pdf', 'doc_type': 'DO', 'file_size': 55340}, {'file_name': 'HVDC-ADOPT-SCT-0126_DAS_DN (DSV-MOSB).pdf', 'file_path': 'C:\\cursor mcp\\HVDC_Invoice_Audit\\01_DSV_SHPT\\Data\\DSV 202509\\SCNT Domestic (Sept 2025) - Supporting Documents\\04. HVDC-ADOPT-SCT-0126\\HVDC-ADOPT-SCT-0126_DAS_DN (DSV-MOSB).pdf', 'doc_type': 'DN', 'file_size': 69500}, {'file_name': 'HVDC-ADOPT-SCT-0126_DN (DSV-MIRFA).pdf', 'file_path': 'C:\\cursor mcp\\HVDC_Invoice_Audit\\01_DSV_SHPT\\Data\\DSV 202509\\SCNT Domestic (Sept 2025) - Supporting Documents\\04. HVDC-ADOPT-SCT-0126\\HVDC-ADOPT-SCT-0126_DN (DSV-MIRFA).pdf', 'doc_type': 'DN', 'file_size': 69510}, {'file_name': 'HVDC-ADOPT-SCT-0126_DN (DSV-SHU).pdf', 'file_path': 'C:\\cursor mcp\\HVDC_Invoice_Audit\\01_DSV_SHPT\\Data\\DSV 202509\\SCNT Domestic (Sept 2025) - Supporting Documents\\04. HVDC-ADOPT-SCT-0126\\HVDC-ADOPT-SCT-0126_DN (DSV-SHU).pdf', 'doc_type': 'DN', 'file_size': 60248}, {'file_name': 'HVDC-ADOPT-SCT-0126_DN (MOSB-DSV).pdf', 'file_path': 'C:\\cursor mcp\\HVDC_Invoice_Audit\\01_DSV_SHPT\\Data\\DSV 202509\\SCNT Domestic (Sept 2025) - Supporting Documents\\04. HVDC-ADOPT-SCT-0126\\HVDC-ADOPT-SCT-0126_DN (MOSB-DSV).pdf', 'doc_type': 'DN', 'file_size': 43338}]",10,"['BOE', 'DO', 'DN']"
8,SCT0126,PORT CONTAINER ADMIN/INSPECTION FEE (1 X 20DC / 2 X 40HC),AT COST,6.8073519400953035,3.0,20.422055820285912,PASS,OK,0.0,PASS,AtCost,[],0.03,,,PASS,100.0,,"[{'file_name': 'HVDC-ADOPT-SCT-0126_BOE.pdf', 'file_path': 'C:\\cursor mcp\\HVDC_Invoice_Audit\\01_DSV_SHPT\\Data\\DSV 202509\\SCNT Import (Sept 2025) - Supporting Documents\\01. HVDC-ADOPT-SCT-0126\\HVDC-ADOPT-SCT-0126_BOE.pdf', 'doc_type': 'BOE', 'file_size': 297700}, {'file_name': 'HVDC-ADOPT-SCT-0126_CarrierInvoice.pdf', 'file_path': 'C:\\cursor mcp\\HVDC_Invoice_Audit\\01_DSV_SHPT\\Data\\DSV 202509\\SCNT Import (Sept 2025) - Supporting Documents\\01. HVDC-ADOPT-SCT-0126\\HVDC-ADOPT-SCT-0126_CarrierInvoice.pdf', 'doc_type': 'DO', 'file_size': 118351}, {'file_name': 'HVDC-ADOPT-SCT-0126_DN (DSV-KP) Empty Return.pdf', 'file_path': 'C:\\cursor mcp\\HVDC_Invoice_Audit\\01_DSV_SHPT\\Data\\DSV 202509\\SCNT Import (Sept 2025) - Supporting Documents\\01. HVDC-ADOPT-SCT-0126\\HVDC-ADOPT-SCT-0126_DN (DSV-KP) Empty Return.pdf', 'doc_type': 'DN', 'file_size': 82909}, {'file_name': 'HVDC-ADOPT-SCT-0126_DN (KP-DSV).pdf', 'file_path': 'C:\\cursor mcp\\HVDC_Invoice_Audit\\01_DSV_SHPT\\Data\\DSV 202509\\SCNT Import (Sept 2025) - Supporting Documents\\01. HVDC-ADOPT-SCT-0126\\HVDC-ADOPT-SCT-0126_DN (KP-DSV).pdf', 'doc_type': 'DN', 'file_size': 60907}, {'file_name': 'HVDC-ADOPT-SCT-0126_DO.pdf', 'file_path': 'C:\\cursor mcp\\HVDC_Invoice_Audit\\01_DSV_SHPT\\Data\\DSV 202509\\SCNT Import (Sept 2025) - Supporting Documents\\01. HVDC-ADOPT-SCT-0126\\HVDC-ADOPT-SCT-0126_DO.pdf', 'doc_type': 'DO', 'file_size': 65434}, {'file_name': 'HVDC-ADOPT-SCT-0126_PortCNTInspection.pdf', 'file_path': 'C:\\cursor mcp\\HVDC_Invoice_Audit\\01_DSV_SHPT\\Data\\DSV 202509\\SCNT Import (Sept 2025) - Supporting Documents\\01. HVDC-ADOPT-SCT-0126\\HVDC-ADOPT-SCT-0126_PortCNTInspection.pdf', 'doc_type': 'DO', 'file_size': 55340}, {'file_name': 'HVDC-ADOPT-SCT-0126_DAS_DN (DSV-MOSB).pdf', 'file_path': 'C:\\cursor mcp\\HVDC_Invoice_Audit\\01_DSV_SHPT\\Data\\DSV 202509\\SCNT Domestic (Sept 2025) - Supporting Documents\\04. HVDC-ADOPT-SCT-0126\\HVDC-ADOPT-SCT-0126_DAS_DN (DSV-MOSB).pdf', 'doc_type': 'DN', 'file_size': 69500}, {'file_name': 'HVDC-ADOPT-SCT-0126_DN (DSV-MIRFA).pdf', 'file_path': 'C:\\cursor mcp\\HVDC_Invoice_Audit\\01_DSV_SHPT\\Data\\DSV 202509\\SCNT Domestic (Sept 2025) - Supporting Documents\\04. HVDC-ADOPT-SCT-0126\\HVDC-ADOPT-SCT-0126_DN (DSV-MIRFA).pdf', 'doc_type': 'DN', 'file_size': 69510}, {'file_name': 'HVDC-ADOPT-SCT-0126_DN (DSV-SHU).pdf', 'file_path': 'C:\\cursor mcp\\HVDC_Invoice_Audit\\01_DSV_SHPT\\Data\\DSV 202509\\SCNT Domestic (Sept 2025) - Supporting Documents\\04. HVDC-ADOPT-SCT-0126\\HVDC-ADOPT-SCT-0126_DN (DSV-SHU).pdf', 'doc_type': 'DN', 'file_size': 60248}, {'file_name': 'HVDC-ADOPT-SCT-0126_DN (MOSB-DSV).pdf', 'file_path': 'C:\\cursor mcp\\HVDC_Invoice_Audit\\01_DSV_SHPT\\Data\\DSV 202509\\SCNT Domestic (Sept 2025) - Supporting Documents\\04. HVDC-ADOPT-SCT-0126\\HVDC-ADOPT-SCT-0126_DN (MOSB-DSV).pdf', 'doc_type': 'DN', 'file_size': 43338}]",10,"['BOE', 'DO', 'DN']"
1,SCT0127,MASTER DO FEE,CONTRACT,150.0,1.0,150.0,PASS,OK,0.0,PASS,Contract,[],0.03,,,PASS,100.0,,"[{'file_name': 'HVDC-ADOPT-SCT-0127_BOE.pdf', 'file_path': 'C:\\cursor mcp\\HVDC_Invoice_Audit\\01_DSV_SHPT\\Data\\DSV 202509\\SCNT Import (Sept 2025) - Supporting Documents\\02. HVDC-ADOPT-SCT-0127\\HVDC-ADOPT-SCT-0127_BOE.pdf', 'doc_type': 'BOE', 'file_size': 294955}, {'file_name': 'HVDC-ADOPT-SCT-0127_CarrierInvoice.pdf', 'file_path': 'C:\\cursor mcp\\HVDC_Invoice_Audit\\01_DSV_SHPT\\Data\\DSV 202509\\SCNT Import (Sept 2025) - Supporting Documents\\02. HVDC-ADOPT-SCT-0127\\HVDC-ADOPT-SCT-0127_CarrierInvoice.pdf', 'doc_type': 'DO', 'file_size': 69787}, {'file_name': 'HVDC-ADOPT-SCT-0127_DN.pdf', 'file_path': 'C:\\cursor mcp\\HVDC_Invoice_Audit\\01_DSV_SHPT\\Data\\DSV 202509\\SCNT Import (Sept 2025) - Supporting Documents\\02. HVDC-ADOPT-SCT-0127\\HVDC-ADOPT-SCT-0127_DN.pdf', 'doc_type': 'DN', 'file_size': 43589}, {'file_name': 'HVDC-ADOPT-SCT-0127_DO.pdf', 'file_path': 'C:\\cursor mcp\\HVDC_Invoice_Audit\\01_DSV_SHPT\\Data\\DSV 202509\\SCNT Import (Sept 2025) - Supporting Documents\\02. HVDC-ADOPT-SCT-0127\\HVDC-ADOPT-SCT-0127_DO.pdf', 'doc_type': 'DO', 'file_size': 170671}, {'file_name': 'HVDC-ADOPT-SCT-0127_PortCNTInsp.pdf', 'file_path': 'C:\\cursor mcp\\HVDC_Invoice_Audit\\01_DSV_SHPT\\Data\\DSV 202509\\SCNT Import (Sept 2025) - Supporting Documents\\02. HVDC-ADOPT-SCT-0127\\HVDC-ADOPT-SCT-0127_PortCNTInsp.pdf', 'doc_type': 'DO', 'file_size': 98660}]",5,"['BOE', 'DO', 'DN']"
2,SCT0127,CUSTOMS CLEARANCE FEE,CONTRACT,150.0,1.0,150.0,PASS,OK,0.0,PASS,Contract,[],0.03,,,PASS,100.0,,"[{'file_name': 'HVDC-ADOPT-SCT-0127_BOE.pdf', 'file_path': 'C:\\cursor mcp\\HVDC_Invoice_Audit\\01_DSV_SHPT\\Data\\DSV 202509\\SCNT Import (Sept 2025) - Supporting Documents\\02. HVDC-ADOPT-SCT-0127\\HVDC-ADOPT-SCT-0127_BOE.pdf', 'doc_type': 'BOE', 'file_size': 294955}, {'file_name': 'HVDC-ADOPT-SCT-0127_CarrierInvoice.pdf', 'file_path': 'C:\\cursor mcp\\HVDC_Invoice_Audit\\01_DSV_SHPT\\Data\\DSV 202509\\SCNT Import (Sept 2025) - Supporting Documents\\02. HVDC-ADOPT-SCT-0127\\HVDC-ADOPT-SCT-0127_CarrierInvoice.pdf', 'doc_type': 'DO', 'file_size': 69787}, {'file_name': 'HVDC-ADOPT-SCT-0127_DN.pdf', 'file_path': 'C:\\cursor mcp\\HVDC_Invoice_Audit\\01_DSV_SHPT\\Data\\DSV 202509\\SCNT Import (Sept 2025) - Supporting Documents\\02. HVDC-ADOPT-SCT-0127\\HVDC-ADOPT-SCT-0127_DN.pdf', 'doc_type': 'DN', 'file_size': 43589}, {'file_name': 'HVDC-ADOPT-SCT-0127_DO.pdf', 'file_path': 'C:\\cursor mcp\\HVDC_Invoice_Audit\\01_DSV_SHPT\\Data\\DSV 202509\\SCNT Import (Sept 2025) - Supporting Documents\\02. HVDC-ADOPT-SCT-0127\\HVDC-ADOPT-SCT-0127_DO.pdf', 'doc_type': 'DO', 'file_size': 170671}, {'file_name': 'HVDC-ADOPT-SCT-0127_PortCNTInsp.pdf', 'file_path': 'C:\\cursor mcp\\HVDC_Invoice_Audit\\01_DSV_SHPT\\Data\\DSV 202509\\SCNT Import (Sept 2025) - Supporting Documents\\02. HVDC-ADOPT-SCT-0127\\HVDC-ADOPT-SCT-0127_PortCNTInsp.pdf', 'doc_type': 'DO', 'file_size': 98660}]",5,"['BOE', 'DO', 'DN']"
3,SCT0127,TERMINAL HANDLING FEE (1 X 20DC),CONTRACT,372.0,1.0,372.0,PASS,OK,0.0,PASS,Contract,[],0.03,,,PASS,100.0,,"[{'file_name': 'HVDC-ADOPT-SCT-0127_BOE.pdf', 'file_path': 'C:\\cursor mcp\\HVDC_Invoice_Audit\\01_DSV_SHPT\\Data\\DSV 202509\\SCNT Import (Sept 2025) - Supporting Documents\\02. HVDC-ADOPT-SCT-0127\\HVDC-ADOPT-SCT-0127_BOE.pdf', 'doc_type': 'BOE', 'file_size': 294955}, {'file_name': 'HVDC-ADOPT-SCT-0127_CarrierInvoice.pdf', 'file_path': 'C:\\cursor mcp\\HVDC_Invoice_Audit\\01_DSV_SHPT\\Data\\DSV 202509\\SCNT Import (Sept 2025) - Supporting Documents\\02. HVDC-ADOPT-SCT-0127\\HVDC-ADOPT-SCT-0127_CarrierInvoice.pdf', 'doc_type': 'DO', 'file_size': 69787}, {'file_name': 'HVDC-ADOPT-SCT-0127_DN.pdf', 'file_path': 'C:\\cursor mcp\\HVDC_Invoice_Audit\\01_DSV_SHPT\\Data\\DSV 202509\\SCNT Import (Sept 2025) - Supporting Documents\\02. HVDC-ADOPT-SCT-0127\\HVDC-ADOPT-SCT-0127_DN.pdf', 'doc_type': 'DN', 'file_size': 43589}, {'file_name': 'HVDC-ADOPT-SCT-0127_DO.pdf', 'file_path': 'C:\\cursor mcp\\HVDC_Invoice_Audit\\01_DSV_SHPT\\Data\\DSV 202509\\SCNT Import (Sept 2025) - Supporting Documents\\02. HVDC-ADOPT-SCT-0127\\HVDC-ADOPT-SCT-0127_DO.pdf', 'doc_type': 'DO', 'file_size': 170671}, {'file_name': 'HVDC-ADOPT-SCT-0127_PortCNTInsp.pdf', 'file_path': 'C:\\cursor mcp\\HVDC_Invoice_Audit\\01_DSV_SHPT\\Data\\DSV 202509\\SCNT Import (Sept 2025) - Supporting Documents\\02. HVDC-ADOPT-SCT-0127\\HVDC-ADOPT-SCT-0127_PortCNTInsp.pdf', 'doc_type': 'DO', 'file_size': 98660}]",5,"['BOE', 'DO', 'DN']"
4,SCT0127,TRANSPORTATION CHARGES (1 X 20DC) FROM KHALIFA PORT TO DSV MUSSAFAH YARD,CONTRACT,252.0,1.0,252.0,PASS,OK,0.0,PASS,Contract,[],0.03,,,PASS,100.0,,"[{'file_name': 'HVDC-ADOPT-SCT-0127_BOE.pdf', 'file_path': 'C:\\cursor mcp\\HVDC_Invoice_Audit\\01_DSV_SHPT\\Data\\DSV 202509\\SCNT Import (Sept 2025) - Supporting Documents\\02. HVDC-ADOPT-SCT-0127\\HVDC-ADOPT-SCT-0127_BOE.pdf', 'doc_type': 'BOE', 'file_size': 294955}, {'file_name': 'HVDC-ADOPT-SCT-0127_CarrierInvoice.pdf', 'file_path': 'C:\\cursor mcp\\HVDC_Invoice_Audit\\01_DSV_SHPT\\Data\\DSV 202509\\SCNT Import (Sept 2025) - Supporting Documents\\02. HVDC-ADOPT-SCT-0127\\HVDC-ADOPT-SCT-0127_CarrierInvoice.pdf', 'doc_type': 'DO', 'file_size': 69787}, {'file_name': 'HVDC-ADOPT-SCT-0127_DN.pdf', 'file_path': 'C:\\cursor mcp\\HVDC_Invoice_Audit\\01_DSV_SHPT\\Data\\DSV 202509\\SCNT Import (Sept 2025) - Supporting Documents\\02. HVDC-ADOPT-SCT-0127\\HVDC-ADOPT-SCT-0127_DN.pdf', 'doc_type': 'DN', 'file_size': 43589}, {'file_name': 'HVDC-ADOPT-SCT-0127_DO.pdf', 'file_path': 'C:\\cursor mcp\\HVDC_Invoice_Audit\\01_DSV_SHPT\\Data\\DSV 202509\\SCNT Import (Sept 2025) - Supporting Documents\\02. HVDC-ADOPT-SCT-0127\\HVDC-ADOPT-SCT-0127_DO.pdf', 'doc_type': 'DO', 'file_size': 170671}, {'file_name': 'HVDC-ADOPT-SCT-0127_PortCNTInsp.pdf', 'file_path': 'C:\\cursor mcp\\HVDC_Invoice_Audit\\01_DSV_SHPT\\Data\\DSV 202509\\SCNT Import (Sept 2025) - Supporting Documents\\02. HVDC-ADOPT-SCT-0127\\HVDC-ADOPT-SCT-0127_PortCNTInsp.pdf', 'doc_type': 'DO', 'file_size': 98660}]",5,"['BOE', 'DO', 'DN']"
5,SCT0127,ISPS IMPORT FEE (1 X 20DC),AT COST,10.0,1.0,10.0,PASS,OK,0.0,PASS,AtCost,[],0.03,,,PASS,100.0,,"[{'file_name': 'HVDC-ADOPT-SCT-0127_BOE.pdf', 'file_path': 'C:\\cursor mcp\\HVDC_Invoice_Audit\\01_DSV_SHPT\\Data\\DSV 202509\\SCNT Import (Sept 2025) - Supporting Documents\\02. HVDC-ADOPT-SCT-0127\\HVDC-ADOPT-SCT-0127_BOE.pdf', 'doc_type': 'BOE', 'file_size': 294955}, {'file_name': 'HVDC-ADOPT-SCT-0127_CarrierInvoice.pdf', 'file_path': 'C:\\cursor mcp\\HVDC_Invoice_Audit\\01_DSV_SHPT\\Data\\DSV 202509\\SCNT Import (Sept 2025) - Supporting Documents\\02. HVDC-ADOPT-SCT-0127\\HVDC-ADOPT-SCT-0127_CarrierInvoice.pdf', 'doc_type': 'DO', 'file_size': 69787}, {'file_name': 'HVDC-ADOPT-SCT-0127_DN.pdf', 'file_path': 'C:\\cursor mcp\\HVDC_Invoice_Audit\\01_DSV_SHPT\\Data\\DSV 202509\\SCNT Import (Sept 2025) - Supporting Documents\\02. HVDC-ADOPT-SCT-0127\\HVDC-ADOPT-SCT-0127_DN.pdf', 'doc_type': 'DN', 'file_size': 43589}, {'file_name': 'HVDC-ADOPT-SCT-0127_DO.pdf', 'file_path': 'C:\\cursor mcp\\HVDC_Invoice_Audit\\01_DSV_SHPT\\Data\\DSV 202509\\SCNT Import (Sept 2025) - Supporting Documents\\02. HVDC-ADOPT-SCT-0127\\HVDC-ADOPT-SCT-0127_DO.pdf', 'doc_type': 'DO', 'file_size': 170671}, {'file_name': 'HVDC-ADOPT-SCT-0127_PortCNTInsp.pdf', 'file_path': 'C:\\cursor mcp\\HVDC_Invoice_Audit\\01_DSV_SHPT\\Data\\DSV 202509\\SCNT Import (Sept 2025) - Supporting Documents\\02. HVDC-ADOPT-SCT-0127\\HVDC-ADOPT-SCT-0127_PortCNTInsp.pdf', 'doc_type': 'DO', 'file_size': 98660}]",5,"['BOE', 'DO', 'DN']"
6,SCT0127,CARRIER CONTAINER MAINTENANCE FEE (1 X 20DC),AT COST,47.65146358066712,1.0,47.65146358066712,PASS,OK,0.0,PASS,AtCost,[],0.03,,,PASS,100.0,,"[{'file_name': 'HVDC-ADOPT-SCT-0127_BOE.pdf', 'file_path': 'C:\\cursor mcp\\HVDC_Invoice_Audit\\01_DSV_SHPT\\Data\\DSV 202509\\SCNT Import (Sept 2025) - Supporting Documents\\02. HVDC-ADOPT-SCT-0127\\HVDC-ADOPT-SCT-0127_BOE.pdf', 'doc_type': 'BOE', 'file_size': 294955}, {'file_name': 'HVDC-ADOPT-SCT-0127_CarrierInvoice.pdf', 'file_path': 'C:\\cursor mcp\\HVDC_Invoice_Audit\\01_DSV_SHPT\\Data\\DSV 202509\\SCNT Import (Sept 2025) - Supporting Documents\\02. HVDC-ADOPT-SCT-0127\\HVDC-ADOPT-SCT-0127_CarrierInvoice.pdf', 'doc_type': 'DO', 'file_size': 69787}, {'file_name': 'HVDC-ADOPT-SCT-0127_DN.pdf', 'file_path': 'C:\\cursor mcp\\HVDC_Invoice_Audit\\01_DSV_SHPT\\Data\\DSV 202509\\SCNT Import (Sept 2025) - Supporting Documents\\02. HVDC-ADOPT-SCT-0127\\HVDC-ADOPT-SCT-0127_DN.pdf', 'doc_type': 'DN', 'file_size': 43589}, {'file_name': 'HVDC-ADOPT-SCT-0127_DO.pdf', 'file_path': 'C:\\cursor mcp\\HVDC_Invoice_Audit\\01_DSV_SHPT\\Data\\DSV 202509\\SCNT Import (Sept 2025) - Supporting Documents\\02. HVDC-ADOPT-SCT-0127\\HVDC-ADOPT-SCT-0127_DO.pdf', 'doc_type': 'DO', 'file_size': 170671}, {'file_name': 'HVDC-ADOPT-SCT-0127_PortCNTInsp.pdf', 'file_path': 'C:\\cursor mcp\\HVDC_Invoice_Audit\\01_DSV_SHPT\\Data\\DSV 202509\\SCNT Import (Sept 2025) - Supporting Documents\\02. HVDC-ADOPT-SCT-0127\\HVDC-ADOPT-SCT-0127_PortCNTInsp.pdf', 'doc_type': 'DO', 'file_size': 98660}]",5,"['BOE', 'DO', 'DN']"
7,SCT0127,PORT CONTAINER INSPECTION FEE (1 X 20DC),AT COST,8.168822328114365,1.0,8.168822328114365,PASS,OK,0.0,PASS,AtCost,[],0.03,,,PASS,100.0,,"[{'file_name': 'HVDC-ADOPT-SCT-0127_BOE.pdf', 'file_path': 'C:\\cursor mcp\\HVDC_Invoice_Audit\\01_DSV_SHPT\\Data\\DSV 202509\\SCNT Import (Sept 2025) - Supporting Documents\\02. HVDC-ADOPT-SCT-0127\\HVDC-ADOPT-SCT-0127_BOE.pdf', 'doc_type': 'BOE', 'file_size': 294955}, {'file_name': 'HVDC-ADOPT-SCT-0127_CarrierInvoice.pdf', 'file_path': 'C:\\cursor mcp\\HVDC_Invoice_Audit\\01_DSV_SHPT\\Data\\DSV 202509\\SCNT Import (Sept 2025) - Supporting Documents\\02. HVDC-ADOPT-SCT-0127\\HVDC-ADOPT-SCT-0127_CarrierInvoice.pdf', 'doc_type': 'DO', 'file_size': 69787}, {'file_name': 'HVDC-ADOPT-SCT-0127_DN.pdf', 'file_path': 'C:\\cursor mcp\\HVDC_Invoice_Audit\\01_DSV_SHPT\\Data\\DSV 202509\\SCNT Import (Sept 2025) - Supporting Documents\\02. HVDC-ADOPT-SCT-0127\\HVDC-ADOPT-SCT-0127_DN.pdf', 'doc_type': 'DN', 'file_size': 43589}, {'file_name': 'HVDC-ADOPT-SCT-0127_DO.pdf', 'file_path': 'C:\\cursor mcp\\HVDC_Invoice_Audit\\01_DSV_SHPT\\Data\\DSV 202509\\SCNT Import (Sept 2025) - Supporting Documents\\02. HVDC-ADOPT-SCT-0127\\HVDC-ADOPT-SCT-0127_DO.pdf', 'doc_type': 'DO', 'file_size': 170671}, {'file_name': 'HVDC-ADOPT-SCT-0127_PortCNTInsp.pdf', 'file_path': 'C:\\cursor mcp\\HVDC_Invoice_Audit\\01_DSV_SHPT\\Data\\DSV 202509\\SCNT Import (Sept 2025) - Supporting Documents\\02. HVDC-ADOPT-SCT-0127\\HVDC-ADOPT-SCT-0127_PortCNTInsp.pdf', 'doc_type': 'DO', 'file_size': 98660}]",5,"['BOE', 'DO', 'DN']"
1,SCT0038,PORT CONTAINER REPAIR FEES (KOCU4717043),CONTRACT,21.78352620830497,1.0,21.78352620830497,REVIEW_NEEDED,OK,0.0,PASS,Contract,[],0.03,,,FAIL,62.5,Gate_01,[],0,[]
1,SCT0122,MASTER DO FEE,CONTRACT,150.0,1.0,150.0,PASS,OK,0.0,PASS,Contract,[],0.03,,,PASS,100.0,,"[{'file_name': 'HVDC-ADOPT-SCT-0122_BOE.pdf', 'file_path': 'C:\\cursor mcp\\HVDC_Invoice_Audit\\01_DSV_SHPT\\Data\\DSV 202509\\SCNT Import (Sept 2025) - Supporting Documents\\04. HVDC-ADOPT-SCT-0122\\HVDC-ADOPT-SCT-0122_BOE.pdf', 'doc_type': 'BOE', 'file_size': 276946}, {'file_name': 'HVDC-ADOPT-SCT-0122_CarrierInvoice.pdf', 'file_path': 'C:\\cursor mcp\\HVDC_Invoice_Audit\\01_DSV_SHPT\\Data\\DSV 202509\\SCNT Import (Sept 2025) - Supporting Documents\\04. HVDC-ADOPT-SCT-0122\\HVDC-ADOPT-SCT-0122_CarrierInvoice.pdf', 'doc_type': 'DO', 'file_size': 227210}, {'file_name': 'HVDC-ADOPT-SCT-0122_DN.pdf', 'file_path': 'C:\\cursor mcp\\HVDC_Invoice_Audit\\01_DSV_SHPT\\Data\\DSV 202509\\SCNT Import (Sept 2025) - Supporting Documents\\04. HVDC-ADOPT-SCT-0122\\HVDC-ADOPT-SCT-0122_DN.pdf', 'doc_type': 'DN', 'file_size': 43494}, {'file_name': 'HVDC-ADOPT-SCT-0122_DO.pdf', 'file_path': 'C:\\cursor mcp\\HVDC_Invoice_Audit\\01_DSV_SHPT\\Data\\DSV 202509\\SCNT Import (Sept 2025) - Supporting Documents\\04. HVDC-ADOPT-SCT-0122\\HVDC-ADOPT-SCT-0122_DO.pdf', 'doc_type': 'DO', 'file_size': 446172}, {'file_name': 'HVDC-ADOPT-SCT-0122_PortCNTInsp.pdf', 'file_path': 'C:\\cursor mcp\\HVDC_Invoice_Audit\\01_DSV_SHPT\\Data\\DSV 202509\\SCNT Import (Sept 2025) - Supporting Documents\\04. HVDC-ADOPT-SCT-0122\\HVDC-ADOPT-SCT-0122_PortCNTInsp.pdf', 'doc_type': 'DO', 'file_size': 80418}]",5,"['BOE', 'DO', 'DN']"
2,SCT0122,CUSTOMS CLEARANCE FEE,CONTRACT,150.0,1.0,150.0,PASS,OK,0.0,PASS,Contract,[],0.03,,,PASS,100.0,,"[{'file_name': 'HVDC-ADOPT-SCT-0122_BOE.pdf', 'file_path': 'C:\\cursor mcp\\HVDC_Invoice_Audit\\01_DSV_SHPT\\Data\\DSV 202509\\SCNT Import (Sept 2025) - Supporting Documents\\04. HVDC-ADOPT-SCT-0122\\HVDC-ADOPT-SCT-0122_BOE.pdf', 'doc_type': 'BOE', 'file_size': 276946}, {'file_name': 'HVDC-ADOPT-SCT-0122_CarrierInvoice.pdf', 'file_path': 'C:\\cursor mcp\\HVDC_Invoice_Audit\\01_DSV_SHPT\\Data\\DSV 202509\\SCNT Import (Sept 2025) - Supporting Documents\\04. HVDC-ADOPT-SCT-0122\\HVDC-ADOPT-SCT-0122_CarrierInvoice.pdf', 'doc_type': 'DO', 'file_size': 227210}, {'file_name': 'HVDC-ADOPT-SCT-0122_DN.pdf', 'file_path': 'C:\\cursor mcp\\HVDC_Invoice_Audit\\01_DSV_SHPT\\Data\\DSV 202509\\SCNT Import (Sept 2025) - Supporting Documents\\04. HVDC-ADOPT-SCT-0122\\HVDC-ADOPT-SCT-0122_DN.pdf', 'doc_type': 'DN', 'file_size': 43494}, {'file_name': 'HVDC-ADOPT-SCT-0122_DO.pdf', 'file_path': 'C:\\cursor mcp\\HVDC_Invoice_Audit\\01_DSV_SHPT\\Data\\DSV 202509\\SCNT Import (Sept 2025) - Supporting Documents\\04. HVDC-ADOPT-SCT-0122\\HVDC-ADOPT-SCT-0122_DO.pdf', 'doc_type': 'DO', 'file_size': 446172}, {'file_name': 'HVDC-ADOPT-SCT-0122_PortCNTInsp.pdf', 'file_path': 'C:\\cursor mcp\\HVDC_Invoice_Audit\\01_DSV_SHPT\\Data\\DSV 202509\\SCNT Import (Sept 2025) - Supporting Documents\\04. HVDC-ADOPT-SCT-0122\\HVDC-ADOPT-SCT-0122_PortCNTInsp.pdf', 'doc_type': 'DO', 'file_size': 80418}]",5,"['BOE', 'DO', 'DN']"
3,SCT0122,TERMINAL HANDLING FEE (1 X 20DC),CONTRACT,372.0,1.0,372.0,PASS,OK,0.0,PASS,Contract,[],0.03,,,PASS,100.0,,"[{'file_name': 'HVDC-ADOPT-SCT-0122_BOE.pdf', 'file_path': 'C:\\cursor mcp\\HVDC_Invoice_Audit\\01_DSV_SHPT\\Data\\DSV 202509\\SCNT Import (Sept 2025) - Supporting Documents\\04. HVDC-ADOPT-SCT-0122\\HVDC-ADOPT-SCT-0122_BOE.pdf', 'doc_type': 'BOE', 'file_size': 276946}, {'file_name': 'HVDC-ADOPT-SCT-0122_CarrierInvoice.pdf', 'file_path': 'C:\\cursor mcp\\HVDC_Invoice_Audit\\01_DSV_SHPT\\Data\\DSV 202509\\SCNT Import (Sept 2025) - Supporting Documents\\04. HVDC-ADOPT-SCT-0122\\HVDC-ADOPT-SCT-0122_CarrierInvoice.pdf', 'doc_type': 'DO', 'file_size': 227210}, {'file_name': 'HVDC-ADOPT-SCT-0122_DN.pdf', 'file_path': 'C:\\cursor mcp\\HVDC_Invoice_Audit\\01_DSV_SHPT\\Data\\DSV 202509\\SCNT Import (Sept 2025) - Supporting Documents\\04. HVDC-ADOPT-SCT-0122\\HVDC-ADOPT-SCT-0122_DN.pdf', 'doc_type': 'DN', 'file_size': 43494}, {'file_name': 'HVDC-ADOPT-SCT-0122_DO.pdf', 'file_path': 'C:\\cursor mcp\\HVDC_Invoice_Audit\\01_DSV_SHPT\\Data\\DSV 202509\\SCNT Import (Sept 2025) - Supporting Documents\\04. HVDC-ADOPT-SCT-0122\\HVDC-ADOPT-SCT-0122_DO.pdf', 'doc_type': 'DO', 'file_size': 446172}, {'file_name': 'HVDC-ADOPT-SCT-0122_PortCNTInsp.pdf', 'file_path': 'C:\\cursor mcp\\HVDC_Invoice_Audit\\01_DSV_SHPT\\Data\\DSV 202509\\SCNT Import (Sept 2025) - Supporting Documents\\04. HVDC-ADOPT-SCT-0122\\HVDC-ADOPT-SCT-0122_PortCNTInsp.pdf', 'doc_type': 'DO', 'file_size': 80418}]",5,"['BOE', 'DO', 'DN']"
4,SCT0122,TRANSPORTATION CHARGES (1 X 20DC) FROM KHALIFA PORT TO DSV MUSSAFAH YARD,CONTRACT,252.0,1.0,252.0,PASS,OK,0.0,PASS,Contract,[],0.03,,,PASS,100.0,,"[{'file_name': 'HVDC-ADOPT-SCT-0122_BOE.pdf', 'file_path': 'C:\\cursor mcp\\HVDC_Invoice_Audit\\01_DSV_SHPT\\Data\\DSV 202509\\SCNT Import (Sept 2025) - Supporting Documents\\04. HVDC-ADOPT-SCT-0122\\HVDC-ADOPT-SCT-0122_BOE.pdf', 'doc_type': 'BOE', 'file_size': 276946}, {'file_name': 'HVDC-ADOPT-SCT-0122_CarrierInvoice.pdf', 'file_path': 'C:\\cursor mcp\\HVDC_Invoice_Audit\\01_DSV_SHPT\\Data\\DSV 202509\\SCNT Import (Sept 2025) - Supporting Documents\\04. HVDC-ADOPT-SCT-0122\\HVDC-ADOPT-SCT-0122_CarrierInvoice.pdf', 'doc_type': 'DO', 'file_size': 227210}, {'file_name': 'HVDC-ADOPT-SCT-0122_DN.pdf', 'file_path': 'C:\\cursor mcp\\HVDC_Invoice_Audit\\01_DSV_SHPT\\Data\\DSV 202509\\SCNT Import (Sept 2025) - Supporting Documents\\04. HVDC-ADOPT-SCT-0122\\HVDC-ADOPT-SCT-0122_DN.pdf', 'doc_type': 'DN', 'file_size': 43494}, {'file_name': 'HVDC-ADOPT-SCT-0122_DO.pdf', 'file_path': 'C:\\cursor mcp\\HVDC_Invoice_Audit\\01_DSV_SHPT\\Data\\DSV 202509\\SCNT Import (Sept 2025) - Supporting Documents\\04. HVDC-ADOPT-SCT-0122\\HVDC-ADOPT-SCT-0122_DO.pdf', 'doc_type': 'DO', 'file_size': 446172}, {'file_name': 'HVDC-ADOPT-SCT-0122_PortCNTInsp.pdf', 'file_path': 'C:\\cursor mcp\\HVDC_Invoice_Audit\\01_DSV_SHPT\\Data\\DSV 202509\\SCNT Import (Sept 2025) - Supporting Documents\\04. HVDC-ADOPT-SCT-0122\\HVDC-ADOPT-SCT-0122_PortCNTInsp.pdf', 'doc_type': 'DO', 'file_size': 80418}]",5,"['BOE', 'DO', 'DN']"
5,SCT0122,CARRIER CONTAINER INSPECTION FEE (1 X 20DC),AT COST,40.84411164057182,1.0,40.84411164057182,PASS,OK,0.0,PASS,AtCost,[],0.03,,,PASS,100.0,,"[{'file_name': 'HVDC-ADOPT-SCT-0122_BOE.pdf', 'file_path': 'C:\\cursor mcp\\HVDC_Invoice_Audit\\01_DSV_SHPT\\Data\\DSV 202509\\SCNT Import (Sept 2025) - Supporting Documents\\04. HVDC-ADOPT-SCT-0122\\HVDC-ADOPT-SCT-0122_BOE.pdf', 'doc_type': 'BOE', 'file_size': 276946}, {'file_name': 'HVDC-ADOPT-SCT-0122_CarrierInvoice.pdf', 'file_path': 'C:\\cursor mcp\\HVDC_Invoice_Audit\\01_DSV_SHPT\\Data\\DSV 202509\\SCNT Import (Sept 2025) - Supporting Documents\\04. HVDC-ADOPT-SCT-0122\\HVDC-ADOPT-SCT-0122_CarrierInvoice.pdf', 'doc_type': 'DO', 'file_size': 227210}, {'file_name': 'HVDC-ADOPT-SCT-0122_DN.pdf', 'file_path': 'C:\\cursor mcp\\HVDC_Invoice_Audit\\01_DSV_SHPT\\Data\\DSV 202509\\SCNT Import (Sept 2025) - Supporting Documents\\04. HVDC-ADOPT-SCT-0122\\HVDC-ADOPT-SCT-0122_DN.pdf', 'doc_type': 'DN', 'file_size': 43494}, {'file_name': 'HVDC-ADOPT-SCT-0122_DO.pdf', 'file_path': 'C:\\cursor mcp\\HVDC_Invoice_Audit\\01_DSV_SHPT\\Data\\DSV 202509\\SCNT Import (Sept 2025) - Supporting Documents\\04. HVDC-ADOPT-SCT-0122\\HVDC-ADOPT-SCT-0122_DO.pdf', 'doc_type': 'DO', 'file_size': 446172}, {'file_name': 'HVDC-ADOPT-SCT-0122_PortCNTInsp.pdf', 'file_path': 'C:\\cursor mcp\\HVDC_Invoice_Audit\\01_DSV_SHPT\\Data\\DSV 202509\\SCNT Import (Sept 2025) - Supporting Documents\\04. HVDC-ADOPT-SCT-0122\\HVDC-ADOPT-SCT-0122_PortCNTInsp.pdf', 'doc_type': 'DO', 'file_size': 80418}]",5,"['BOE', 'DO', 'DN']"
6,SCT0122,CARRIER CONTAINER PROTECTION FEE (1 X 20DC),AT COST,8.168822328114365,1.0,8.168822328114365,PASS,OK,0.0,PASS,AtCost,[],0.03,,,PASS,100.0,,"[{'file_name': 'HVDC-ADOPT-SCT-0122_BOE.pdf', 'file_path': 'C:\\cursor mcp\\HVDC_Invoice_Audit\\01_DSV_SHPT\\Data\\DSV 202509\\SCNT Import (Sept 2025) - Supporting Documents\\04. HVDC-ADOPT-SCT-0122\\HVDC-ADOPT-SCT-0122_BOE.pdf', 'doc_type': 'BOE', 'file_size': 276946}, {'file_name': 'HVDC-ADOPT-SCT-0122_CarrierInvoice.pdf', 'file_path': 'C:\\cursor mcp\\HVDC_Invoice_Audit\\01_DSV_SHPT\\Data\\DSV 202509\\SCNT Import (Sept 2025) - Supporting Documents\\04. HVDC-ADOPT-SCT-0122\\HVDC-ADOPT-SCT-0122_CarrierInvoice.pdf', 'doc_type': 'DO', 'file_size': 227210}, {'file_name': 'HVDC-ADOPT-SCT-0122_DN.pdf', 'file_path': 'C:\\cursor mcp\\HVDC_Invoice_Audit\\01_DSV_SHPT\\Data\\DSV 202509\\SCNT Import (Sept 2025) - Supporting Documents\\04. HVDC-ADOPT-SCT-0122\\HVDC-ADOPT-SCT-0122_DN.pdf', 'doc_type': 'DN', 'file_size': 43494}, {'file_name': 'HVDC-ADOPT-SCT-0122_DO.pdf', 'file_path': 'C:\\cursor mcp\\HVDC_Invoice_Audit\\01_DSV_SHPT\\Data\\DSV 202509\\SCNT Import (Sept 2025) - Supporting Documents\\04. HVDC-ADOPT-SCT-0122\\HVDC-ADOPT-SCT-0122_DO.pdf', 'doc_type': 'DO', 'file_size': 446172}, {'file_name': 'HVDC-ADOPT-SCT-0122_PortCNTInsp.pdf', 'file_path': 'C:\\cursor mcp\\HVDC_Invoice_Audit\\01_DSV_SHPT\\Data\\DSV 202509\\SCNT Import (Sept 2025) - Supporting Documents\\04. HVDC-ADOPT-SCT-0122\\HVDC-ADOPT-SCT-0122_PortCNTInsp.pdf', 'doc_type': 'DO', 'file_size': 80418}]",5,"['BOE', 'DO', 'DN']"
7,SCT0122,PORT CONTAINER INSPECTION & WASHING FEE (1 X 20DC),AT COST,21.78352620830497,1.0,21.78352620830497,PASS,OK,0.0,PASS,AtCost,[],0.03,,,PASS,100.0,,"[{'file_name': 'HVDC-ADOPT-SCT-0122_BOE.pdf', 'file_path': 'C:\\cursor mcp\\HVDC_Invoice_Audit\\01_DSV_SHPT\\Data\\DSV 202509\\SCNT Import (Sept 2025) - Supporting Documents\\04. HVDC-ADOPT-SCT-0122\\HVDC-ADOPT-SCT-0122_BOE.pdf', 'doc_type': 'BOE', 'file_size': 276946}, {'file_name': 'HVDC-ADOPT-SCT-0122_CarrierInvoice.pdf', 'file_path': 'C:\\cursor mcp\\HVDC_Invoice_Audit\\01_DSV_SHPT\\Data\\DSV 202509\\SCNT Import (Sept 2025) - Supporting Documents\\04. HVDC-ADOPT-SCT-0122\\HVDC-ADOPT-SCT-0122_CarrierInvoice.pdf', 'doc_type': 'DO', 'file_size': 227210}, {'file_name': 'HVDC-ADOPT-SCT-0122_DN.pdf', 'file_path': 'C:\\cursor mcp\\HVDC_Invoice_Audit\\01_DSV_SHPT\\Data\\DSV 202509\\SCNT Import (Sept 2025) - Supporting Documents\\04. HVDC-ADOPT-SCT-0122\\HVDC-ADOPT-SCT-0122_DN.pdf', 'doc_type': 'DN', 'file_size': 43494}, {'file_name': 'HVDC-ADOPT-SCT-0122_DO.pdf', 'file_path': 'C:\\cursor mcp\\HVDC_Invoice_Audit\\01_DSV_SHPT\\Data\\DSV 202509\\SCNT Import (Sept 2025) - Supporting Documents\\04. HVDC-ADOPT-SCT-0122\\HVDC-ADOPT-SCT-0122_DO.pdf', 'doc_type': 'DO', 'file_size': 446172}, {'file_name': 'HVDC-ADOPT-SCT-0122_PortCNTInsp.pdf', 'file_path': 'C:\\cursor mcp\\HVDC_Invoice_Audit\\01_DSV_SHPT\\Data\\DSV 202509\\SCNT Import (Sept 2025) - Supporting Documents\\04. HVDC-ADOPT-SCT-0122\\HVDC-ADOPT-SCT-0122_PortCNTInsp.pdf', 'doc_type': 'DO', 'file_size': 80418}]",5,"['BOE', 'DO', 'DN']"
1,SCT0131,MASTER DO FEE,CONTRACT,80.0,1.0,80.0,PASS,OK,0.0,PASS,Contract,[],0.03,,,PASS,100.0,,"[{'file_name': 'HVDC-ADOPT-SCT-0131_AirportFees.pdf', 'file_path': 'C:\\cursor mcp\\HVDC_Invoice_Audit\\01_DSV_SHPT\\Data\\DSV 202509\\SCNT Import (Sept 2025) - Supporting Documents\\05. HVDC-ADOPT-SCT-0131\\HVDC-ADOPT-SCT-0131_AirportFees.pdf', 'doc_type': 'DO', 'file_size': 64576}, {'file_name': 'HVDC-ADOPT-SCT-0131_Appointment.pdf', 'file_path': 'C:\\cursor mcp\\HVDC_Invoice_Audit\\01_DSV_SHPT\\Data\\DSV 202509\\SCNT Import (Sept 2025) - Supporting Documents\\05. HVDC-ADOPT-SCT-0131\\HVDC-ADOPT-SCT-0131_Appointment.pdf', 'doc_type': 'DO', 'file_size': 43298}, {'file_name': 'HVDC-ADOPT-SCT-0131_BOE.pdf', 'file_path': 'C:\\cursor mcp\\HVDC_Invoice_Audit\\01_DSV_SHPT\\Data\\DSV 202509\\SCNT Import (Sept 2025) - Supporting Documents\\05. HVDC-ADOPT-SCT-0131\\HVDC-ADOPT-SCT-0131_BOE.pdf', 'doc_type': 'BOE', 'file_size': 250671}, {'file_name': 'HVDC-ADOPT-SCT-0131_DN.pdf', 'file_path': 'C:\\cursor mcp\\HVDC_Invoice_Audit\\01_DSV_SHPT\\Data\\DSV 202509\\SCNT Import (Sept 2025) - Supporting Documents\\05. HVDC-ADOPT-SCT-0131\\HVDC-ADOPT-SCT-0131_DN.pdf', 'doc_type': 'DN', 'file_size': 306319}, {'file_name': 'HVDC-ADOPT-SCT-0131_DO.pdf', 'file_path': 'C:\\cursor mcp\\HVDC_Invoice_Audit\\01_DSV_SHPT\\Data\\DSV 202509\\SCNT Import (Sept 2025) - Supporting Documents\\05. HVDC-ADOPT-SCT-0131\\HVDC-ADOPT-SCT-0131_DO.pdf', 'doc_type': 'DO', 'file_size': 49438}]",5,"['BOE', 'DO', 'DN']"
2,SCT0131,CUSTOMS CLEARANCE FEE,CONTRACT,150.0,1.0,150.0,PASS,OK,0.0,PASS,Contract,[],0.03,,,PASS,100.0,,"[{'file_name': 'HVDC-ADOPT-SCT-0131_AirportFees.pdf', 'file_path': 'C:\\cursor mcp\\HVDC_Invoice_Audit\\01_DSV_SHPT\\Data\\DSV 202509\\SCNT Import (Sept 2025) - Supporting Documents\\05. HVDC-ADOPT-SCT-0131\\HVDC-ADOPT-SCT-0131_AirportFees.pdf', 'doc_type': 'DO', 'file_size': 64576}, {'file_name': 'HVDC-ADOPT-SCT-0131_Appointment.pdf', 'file_path': 'C:\\cursor mcp\\HVDC_Invoice_Audit\\01_DSV_SHPT\\Data\\DSV 202509\\SCNT Import (Sept 2025) - Supporting Documents\\05. HVDC-ADOPT-SCT-0131\\HVDC-ADOPT-SCT-0131_Appointment.pdf', 'doc_type': 'DO', 'file_size': 43298}, {'file_name': 'HVDC-ADOPT-SCT-0131_BOE.pdf', 'file_path': 'C:\\cursor mcp\\HVDC_Invoice_Audit\\01_DSV_SHPT\\Data\\DSV 202509\\SCNT Import (Sept 2025) - Supporting Documents\\05. HVDC-ADOPT-SCT-0131\\HVDC-ADOPT-SCT-0131_BOE.pdf', 'doc_type': 'BOE', 'file_size': 250671}, {'file_name': 'HVDC-ADOPT-SCT-0131_DN.pdf', 'file_path': 'C:\\cursor mcp\\HVDC_Invoice_Audit\\01_DSV_SHPT\\Data\\DSV 202509\\SCNT Import (Sept 2025) - Supporting Documents\\05. HVDC-ADOPT-SCT-0131\\HVDC-ADOPT-SCT-0131_DN.pdf', 'doc_type': 'DN', 'file_size': 306319}, {'file_name': 'HVDC-ADOPT-SCT-0131_DO.pdf', 'file_path': 'C:\\cursor mcp\\HVDC_Invoice_Audit\\01_DSV_SHPT\\Data\\DSV 202509\\SCNT Import (Sept 2025) - Supporting Documents\\05. HVDC-ADOPT-SCT-0131\\HVDC-ADOPT-SCT-0131_DO.pdf', 'doc_type': 'DO', 'file_size': 49438}]",5,"['BOE', 'DO', 'DN']"
3,SCT0131,TERMINAL HANDLING CHARGES (CW: 2136 KG),CONTRACT,0.55,2136.0,1174.8000000000002,PASS,OK,0.0,PASS,Contract,[],0.03,,,PASS,100.0,,"[{'file_name': 'HVDC-ADOPT-SCT-0131_AirportFees.pdf', 'file_path': 'C:\\cursor mcp\\HVDC_Invoice_Audit\\01_DSV_SHPT\\Data\\DSV 202509\\SCNT Import (Sept 2025) - Supporting Documents\\05. HVDC-ADOPT-SCT-0131\\HVDC-ADOPT-SCT-0131_AirportFees.pdf', 'doc_type': 'DO', 'file_size': 64576}, {'file_name': 'HVDC-ADOPT-SCT-0131_Appointment.pdf', 'file_path': 'C:\\cursor mcp\\HVDC_Invoice_Audit\\01_DSV_SHPT\\Data\\DSV 202509\\SCNT Import (Sept 2025) - Supporting Documents\\05. HVDC-ADOPT-SCT-0131\\HVDC-ADOPT-SCT-0131_Appointment.pdf', 'doc_type': 'DO', 'file_size': 43298}, {'file_name': 'HVDC-ADOPT-SCT-0131_BOE.pdf', 'file_path': 'C:\\cursor mcp\\HVDC_Invoice_Audit\\01_DSV_SHPT\\Data\\DSV 202509\\SCNT Import (Sept 2025) - Supporting Documents\\05. HVDC-ADOPT-SCT-0131\\HVDC-ADOPT-SCT-0131_BOE.pdf', 'doc_type': 'BOE', 'file_size': 250671}, {'file_name': 'HVDC-ADOPT-SCT-0131_DN.pdf', 'file_path': 'C:\\cursor mcp\\HVDC_Invoice_Audit\\01_DSV_SHPT\\Data\\DSV 202509\\SCNT Import (Sept 2025) - Supporting Documents\\05. HVDC-ADOPT-SCT-0131\\HVDC-ADOPT-SCT-0131_DN.pdf', 'doc_type': 'DN', 'file_size': 306319}, {'file_name': 'HVDC-ADOPT-SCT-0131_DO.pdf', 'file_path': 'C:\\cursor mcp\\HVDC_Invoice_Audit\\01_DSV_SHPT\\Data\\DSV 202509\\SCNT Import (Sept 2025) - Supporting Documents\\05. HVDC-ADOPT-SCT-0131\\HVDC-ADOPT-SCT-0131_DO.pdf', 'doc_type': 'DO', 'file_size': 49438}]",5,"['BOE', 'DO', 'DN']"
4,SCT0131,TRANSPORTATION CHARGES (1 FB) FROM AUH AIRPORT TO MOSB,CONTRACT,200.0,1.0,200.0,PASS,OK,0.0,PASS,Contract,[],0.03,,,PASS,100.0,,"[{'file_name': 'HVDC-ADOPT-SCT-0131_AirportFees.pdf', 'file_path': 'C:\\cursor mcp\\HVDC_Invoice_Audit\\01_DSV_SHPT\\Data\\DSV 202509\\SCNT Import (Sept 2025) - Supporting Documents\\05. HVDC-ADOPT-SCT-0131\\HVDC-ADOPT-SCT-0131_AirportFees.pdf', 'doc_type': 'DO', 'file_size': 64576}, {'file_name': 'HVDC-ADOPT-SCT-0131_Appointment.pdf', 'file_path': 'C:\\cursor mcp\\HVDC_Invoice_Audit\\01_DSV_SHPT\\Data\\DSV 202509\\SCNT Import (Sept 2025) - Supporting Documents\\05. HVDC-ADOPT-SCT-0131\\HVDC-ADOPT-SCT-0131_Appointment.pdf', 'doc_type': 'DO', 'file_size': 43298}, {'file_name': 'HVDC-ADOPT-SCT-0131_BOE.pdf', 'file_path': 'C:\\cursor mcp\\HVDC_Invoice_Audit\\01_DSV_SHPT\\Data\\DSV 202509\\SCNT Import (Sept 2025) - Supporting Documents\\05. HVDC-ADOPT-SCT-0131\\HVDC-ADOPT-SCT-0131_BOE.pdf', 'doc_type': 'BOE', 'file_size': 250671}, {'file_name': 'HVDC-ADOPT-SCT-0131_DN.pdf', 'file_path': 'C:\\cursor mcp\\HVDC_Invoice_Audit\\01_DSV_SHPT\\Data\\DSV 202509\\SCNT Import (Sept 2025) - Supporting Documents\\05. HVDC-ADOPT-SCT-0131\\HVDC-ADOPT-SCT-0131_DN.pdf', 'doc_type': 'DN', 'file_size': 306319}, {'file_name': 'HVDC-ADOPT-SCT-0131_DO.pdf', 'file_path': 'C:\\cursor mcp\\HVDC_Invoice_Audit\\01_DSV_SHPT\\Data\\DSV 202509\\SCNT Import (Sept 2025) - Supporting Documents\\05. HVDC-ADOPT-SCT-0131\\HVDC-ADOPT-SCT-0131_DO.pdf', 'doc_type': 'DO', 'file_size': 49438}]",5,"['BOE', 'DO', 'DN']"
5,SCT0131,APPOINTMENT FEE,AT COST,7.351940095302927,1.0,7.351940095302927,PASS,OK,0.03,PASS,PortalFee,[],0.005,7.35,27.0,PASS,100.0,,"[{'file_name': 'HVDC-ADOPT-SCT-0131_AirportFees.pdf', 'file_path': 'C:\\cursor mcp\\HVDC_Invoice_Audit\\01_DSV_SHPT\\Data\\DSV 202509\\SCNT Import (Sept 2025) - Supporting Documents\\05. HVDC-ADOPT-SCT-0131\\HVDC-ADOPT-SCT-0131_AirportFees.pdf', 'doc_type': 'DO', 'file_size': 64576}, {'file_name': 'HVDC-ADOPT-SCT-0131_Appointment.pdf', 'file_path': 'C:\\cursor mcp\\HVDC_Invoice_Audit\\01_DSV_SHPT\\Data\\DSV 202509\\SCNT Import (Sept 2025) - Supporting Documents\\05. HVDC-ADOPT-SCT-0131\\HVDC-ADOPT-SCT-0131_Appointment.pdf', 'doc_type': 'DO', 'file_size': 43298}, {'file_name': 'HVDC-ADOPT-SCT-0131_BOE.pdf', 'file_path': 'C:\\cursor mcp\\HVDC_Invoice_Audit\\01_DSV_SHPT\\Data\\DSV 202509\\SCNT Import (Sept 2025) - Supporting Documents\\05. HVDC-ADOPT-SCT-0131\\HVDC-ADOPT-SCT-0131_BOE.pdf', 'doc_type': 'BOE', 'file_size': 250671}, {'file_name': 'HVDC-ADOPT-SCT-0131_DN.pdf', 'file_path': 'C:\\cursor mcp\\HVDC_Invoice_Audit\\01_DSV_SHPT\\Data\\DSV 202509\\SCNT Import (Sept 2025) - Supporting Documents\\05. HVDC-ADOPT-SCT-0131\\HVDC-ADOPT-SCT-0131_DN.pdf', 'doc_type': 'DN', 'file_size': 306319}, {'file_name': 'HVDC-ADOPT-SCT-0131_DO.pdf', 'file_path': 'C:\\cursor mcp\\HVDC_Invoice_Audit\\01_DSV_SHPT\\Data\\DSV 202509\\SCNT Import (Sept 2025) - Supporting Documents\\05. HVDC-ADOPT-SCT-0131\\HVDC-ADOPT-SCT-0131_DO.pdf', 'doc_type': 'DO', 'file_size': 49438}]",5,"['BOE', 'DO', 'DN']"
6,SCT0131,DPC FEE,AT COST,9.530292716133424,1.0,9.530292716133424,PASS,OK,0.0,PASS,PortalFee,[],0.005,9.53,35.0,PASS,100.0,,"[{'file_name': 'HVDC-ADOPT-SCT-0131_AirportFees.pdf', 'file_path': 'C:\\cursor mcp\\HVDC_Invoice_Audit\\01_DSV_SHPT\\Data\\DSV 202509\\SCNT Import (Sept 2025) - Supporting Documents\\05. HVDC-ADOPT-SCT-0131\\HVDC-ADOPT-SCT-0131_AirportFees.pdf', 'doc_type': 'DO', 'file_size': 64576}, {'file_name': 'HVDC-ADOPT-SCT-0131_Appointment.pdf', 'file_path': 'C:\\cursor mcp\\HVDC_Invoice_Audit\\01_DSV_SHPT\\Data\\DSV 202509\\SCNT Import (Sept 2025) - Supporting Documents\\05. HVDC-ADOPT-SCT-0131\\HVDC-ADOPT-SCT-0131_Appointment.pdf', 'doc_type': 'DO', 'file_size': 43298}, {'file_name': 'HVDC-ADOPT-SCT-0131_BOE.pdf', 'file_path': 'C:\\cursor mcp\\HVDC_Invoice_Audit\\01_DSV_SHPT\\Data\\DSV 202509\\SCNT Import (Sept 2025) - Supporting Documents\\05. HVDC-ADOPT-SCT-0131\\HVDC-ADOPT-SCT-0131_BOE.pdf', 'doc_type': 'BOE', 'file_size': 250671}, {'file_name': 'HVDC-ADOPT-SCT-0131_DN.pdf', 'file_path': 'C:\\cursor mcp\\HVDC_Invoice_Audit\\01_DSV_SHPT\\Data\\DSV 202509\\SCNT Import (Sept 2025) - Supporting Documents\\05. HVDC-ADOPT-SCT-0131\\HVDC-ADOPT-SCT-0131_DN.pdf', 'doc_type': 'DN', 'file_size': 306319}, {'file_name': 'HVDC-ADOPT-SCT-0131_DO.pdf', 'file_path': 'C:\\cursor mcp\\HVDC_Invoice_Audit\\01_DSV_SHPT\\Data\\DSV 202509\\SCNT Import (Sept 2025) - Supporting Documents\\05. HVDC-ADOPT-SCT-0131\\HVDC-ADOPT-SCT-0131_DO.pdf', 'doc_type': 'DO', 'file_size': 49438}]",5,"['BOE', 'DO', 'DN']"
1,"SCT0123,0124",MASTER DO FEE,CONTRACT,150.0,1.0,150.0,REVIEW_NEEDED,OK,0.0,PASS,Contract,[],0.03,,,FAIL,62.5,Gate_01,[],0,[]
2,"SCT0123,0124",CUSTOMS CLEARANCE FEE,CONTRACT,150.0,1.0,150.0,REVIEW_NEEDED,OK,0.0,PASS,Contract,[],0.03,,,FAIL,62.5,Gate_01,[],0,[]
3,"SCT0123,0124",TERMINAL HANDLING FEE (1 X 40HC),CONTRACT,479.0,1.0,479.0,REVIEW_NEEDED,OK,0.0,PASS,Contract,[],0.03,,,FAIL,62.5,Gate_01,[],0,[]
4,"SCT0123,0124",TRANSPORTATION CHARGES (1 X 40HC) FROM KP TO DSV MUSSAFAH YARD,CONTRACT,252.0,1.0,252.0,REVIEW_NEEDED,OK,0.0,PASS,Contract,[],0.03,,,FAIL,62.5,Gate_01,[],0,[]
5,"SCT0123,0124",CARRIER CONTAINER REPOSITIONING FEE (1 X 40HC),AT COST,8.0,1.0,8.0,REVIEW_NEEDED,OK,0.0,PASS,AtCost,[],0.03,,,FAIL,62.5,Gate_01,[],0,[]
6,"SCT0123,0124",CARRIER COTNAINER INSPECTION FEE (1 X 40HC),AT COST,35.39823008849557,1.0,35.39823008849557,REVIEW_NEEDED,OK,0.0,PASS,AtCost,[],0.03,,,FAIL,62.5,Gate_01,[],0,[]
7,"SCT0123,0124",CARRIER COTNAINER ADMIN FEE (1 X 40HC),AT COST,9.530292716133424,1.0,9.530292716133424,REVIEW_NEEDED,OK,0.0,PASS,AtCost,[],0.03,,,FAIL,62.5,Gate_01,[],0,[]
8,"SCT0123,0124",PORT CONTAINER ADMIN/INSPECTION FEE (1 X 40HC),AT COST,6.8073519400953035,1.0,6.8073519400953035,REVIEW_NEEDED,OK,0.0,PASS,AtCost,[],0.03,,,FAIL,62.5,Gate_01,[],0,[]
9,"SCT0123,0124",PORT CONTAINER WASHING FEE (1 X 40HC),AT COST,21.78352620830497,1.0,21.78352620830497,REVIEW_NEEDED,OK,0.0,PASS,AtCost,[],0.03,,,FAIL,62.5,Gate_01,[],0,[]
1,SCT0134,MASTER DO FEE,CONTRACT,80.0,1.0,80.0,PASS,OK,0.0,PASS,Contract,[],0.03,,,PASS,100.0,,"[{'file_name': 'HVDC-ADOPT-SCT-0134_AirportFees.pdf', 'file_path': 'C:\\cursor mcp\\HVDC_Invoice_Audit\\01_DSV_SHPT\\Data\\DSV 202509\\SCNT Import (Sept 2025) - Supporting Documents\\07. HVDC-ADOPT-SCT-0134\\HVDC-ADOPT-SCT-0134_AirportFees.pdf', 'doc_type': 'DO', 'file_size': 64447}, {'file_name': 'HVDC-ADOPT-SCT-0134_Appointment.pdf', 'file_path': 'C:\\cursor mcp\\HVDC_Invoice_Audit\\01_DSV_SHPT\\Data\\DSV 202509\\SCNT Import (Sept 2025) - Supporting Documents\\07. HVDC-ADOPT-SCT-0134\\HVDC-ADOPT-SCT-0134_Appointment.pdf', 'doc_type': 'DO', 'file_size': 57982}, {'file_name': 'HVDC-ADOPT-SCT-0134_BOE.pdf', 'file_path': 'C:\\cursor mcp\\HVDC_Invoice_Audit\\01_DSV_SHPT\\Data\\DSV 202509\\SCNT Import (Sept 2025) - Supporting Documents\\07. HVDC-ADOPT-SCT-0134\\HVDC-ADOPT-SCT-0134_BOE.pdf', 'doc_type': 'BOE', 'file_size': 249160}, {'file_name': 'HVDC-ADOPT-SCT-0134_DN (1FB - AUHAirport-MIR-SHU).pdf', 'file_path': 'C:\\cursor mcp\\HVDC_Invoice_Audit\\01_DSV_SHPT\\Data\\DSV 202509\\SCNT Import (Sept 2025) - Supporting Documents\\07. HVDC-ADOPT-SCT-0134\\HVDC-ADOPT-SCT-0134_DN (1FB - AUHAirport-MIR-SHU).pdf', 'doc_type': 'DN', 'file_size': 22059}, {'file_name': 'HVDC-ADOPT-SCT-0134_DN (3TonPU - AUHAirport-MOSB).pdf', 'file_path': 'C:\\cursor mcp\\HVDC_Invoice_Audit\\01_DSV_SHPT\\Data\\DSV 202509\\SCNT Import (Sept 2025) - Supporting Documents\\07. HVDC-ADOPT-SCT-0134\\HVDC-ADOPT-SCT-0134_DN (3TonPU - AUHAirport-MOSB).pdf', 'doc_type': 'DN', 'file_size': 16751}, {'file_name': 'HVDC-ADOPT-SCT-0134_DO.pdf', 'file_path': 'C:\\cursor mcp\\HVDC_Invoice_Audit\\01_DSV_SHPT\\Data\\DSV 202509\\SCNT Import (Sept 2025) - Supporting Documents\\07. HVDC-ADOPT-SCT-0134\\HVDC-ADOPT-SCT-0134_DO.pdf', 'doc_type': 'DO', 'file_size': 38250}]",6,"['BOE', 'DO', 'DN']"
2,SCT0134,CUSTOMS CLEARANCE FEE,CONTRACT,150.0,1.0,150.0,PASS,OK,0.0,PASS,Contract,[],0.03,,,PASS,100.0,,"[{'file_name': 'HVDC-ADOPT-SCT-0134_AirportFees.pdf', 'file_path': 'C:\\cursor mcp\\HVDC_Invoice_Audit\\01_DSV_SHPT\\Data\\DSV 202509\\SCNT Import (Sept 2025) - Supporting Documents\\07. HVDC-ADOPT-SCT-0134\\HVDC-ADOPT-SCT-0134_AirportFees.pdf', 'doc_type': 'DO', 'file_size': 64447}, {'file_name': 'HVDC-ADOPT-SCT-0134_Appointment.pdf', 'file_path': 'C:\\cursor mcp\\HVDC_Invoice_Audit\\01_DSV_SHPT\\Data\\DSV 202509\\SCNT Import (Sept 2025) - Supporting Documents\\07. HVDC-ADOPT-SCT-0134\\HVDC-ADOPT-SCT-0134_Appointment.pdf', 'doc_type': 'DO', 'file_size': 57982}, {'file_name': 'HVDC-ADOPT-SCT-0134_BOE.pdf', 'file_path': 'C:\\cursor mcp\\HVDC_Invoice_Audit\\01_DSV_SHPT\\Data\\DSV 202509\\SCNT Import (Sept 2025) - Supporting Documents\\07. HVDC-ADOPT-SCT-0134\\HVDC-ADOPT-SCT-0134_BOE.pdf', 'doc_type': 'BOE', 'file_size': 249160}, {'file_name': 'HVDC-ADOPT-SCT-0134_DN (1FB - AUHAirport-MIR-SHU).pdf', 'file_path': 'C:\\cursor mcp\\HVDC_Invoice_Audit\\01_DSV_SHPT\\Data\\DSV 202509\\SCNT Import (Sept 2025) - Supporting Documents\\07. HVDC-ADOPT-SCT-0134\\HVDC-ADOPT-SCT-0134_DN (1FB - AUHAirport-MIR-SHU).pdf', 'doc_type': 'DN', 'file_size': 22059}, {'file_name': 'HVDC-ADOPT-SCT-0134_DN (3TonPU - AUHAirport-MOSB).pdf', 'file_path': 'C:\\cursor mcp\\HVDC_Invoice_Audit\\01_DSV_SHPT\\Data\\DSV 202509\\SCNT Import (Sept 2025) - Supporting Documents\\07. HVDC-ADOPT-SCT-0134\\HVDC-ADOPT-SCT-0134_DN (3TonPU - AUHAirport-MOSB).pdf', 'doc_type': 'DN', 'file_size': 16751}, {'file_name': 'HVDC-ADOPT-SCT-0134_DO.pdf', 'file_path': 'C:\\cursor mcp\\HVDC_Invoice_Audit\\01_DSV_SHPT\\Data\\DSV 202509\\SCNT Import (Sept 2025) - Supporting Documents\\07. HVDC-ADOPT-SCT-0134\\HVDC-ADOPT-SCT-0134_DO.pdf', 'doc_type': 'DO', 'file_size': 38250}]",6,"['BOE', 'DO', 'DN']"
3,SCT0134,TERMINAL HANDLING CHARGES (CW: 2136 KG),CONTRACT,0.55,2178.0,1197.9,PASS,OK,0.0,PASS,Contract,[],0.03,,,PASS,100.0,,"[{'file_name': 'HVDC-ADOPT-SCT-0134_AirportFees.pdf', 'file_path': 'C:\\cursor mcp\\HVDC_Invoice_Audit\\01_DSV_SHPT\\Data\\DSV 202509\\SCNT Import (Sept 2025) - Supporting Documents\\07. HVDC-ADOPT-SCT-0134\\HVDC-ADOPT-SCT-0134_AirportFees.pdf', 'doc_type': 'DO', 'file_size': 64447}, {'file_name': 'HVDC-ADOPT-SCT-0134_Appointment.pdf', 'file_path': 'C:\\cursor mcp\\HVDC_Invoice_Audit\\01_DSV_SHPT\\Data\\DSV 202509\\SCNT Import (Sept 2025) - Supporting Documents\\07. HVDC-ADOPT-SCT-0134\\HVDC-ADOPT-SCT-0134_Appointment.pdf', 'doc_type': 'DO', 'file_size': 57982}, {'file_name': 'HVDC-ADOPT-SCT-0134_BOE.pdf', 'file_path': 'C:\\cursor mcp\\HVDC_Invoice_Audit\\01_DSV_SHPT\\Data\\DSV 202509\\SCNT Import (Sept 2025) - Supporting Documents\\07. HVDC-ADOPT-SCT-0134\\HVDC-ADOPT-SCT-0134_BOE.pdf', 'doc_type': 'BOE', 'file_size': 249160}, {'file_name': 'HVDC-ADOPT-SCT-0134_DN (1FB - AUHAirport-MIR-SHU).pdf', 'file_path': 'C:\\cursor mcp\\HVDC_Invoice_Audit\\01_DSV_SHPT\\Data\\DSV 202509\\SCNT Import (Sept 2025) - Supporting Documents\\07. HVDC-ADOPT-SCT-0134\\HVDC-ADOPT-SCT-0134_DN (1FB - AUHAirport-MIR-SHU).pdf', 'doc_type': 'DN', 'file_size': 22059}, {'file_name': 'HVDC-ADOPT-SCT-0134_DN (3TonPU - AUHAirport-MOSB).pdf', 'file_path': 'C:\\cursor mcp\\HVDC_Invoice_Audit\\01_DSV_SHPT\\Data\\DSV 202509\\SCNT Import (Sept 2025) - Supporting Documents\\07. HVDC-ADOPT-SCT-0134\\HVDC-ADOPT-SCT-0134_DN (3TonPU - AUHAirport-MOSB).pdf', 'doc_type': 'DN', 'file_size': 16751}, {'file_name': 'HVDC-ADOPT-SCT-0134_DO.pdf', 'file_path': 'C:\\cursor mcp\\HVDC_Invoice_Audit\\01_DSV_SHPT\\Data\\DSV 202509\\SCNT Import (Sept 2025) - Supporting Documents\\07. HVDC-ADOPT-SCT-0134\\HVDC-ADOPT-SCT-0134_DO.pdf', 'doc_type': 'DO', 'file_size': 38250}]",6,"['BOE', 'DO', 'DN']"
4,SCT0134,TRANSPORTATION CHARGES (3 TON PU) FROM AUH AIRPORT TO MOSB,CONTRACT,100.0,1.0,100.0,PASS,OK,0.0,PASS,Contract,[],0.03,,,PASS,100.0,,"[{'file_name': 'HVDC-ADOPT-SCT-0134_AirportFees.pdf', 'file_path': 'C:\\cursor mcp\\HVDC_Invoice_Audit\\01_DSV_SHPT\\Data\\DSV 202509\\SCNT Import (Sept 2025) - Supporting Documents\\07. HVDC-ADOPT-SCT-0134\\HVDC-ADOPT-SCT-0134_AirportFees.pdf', 'doc_type': 'DO', 'file_size': 64447}, {'file_name': 'HVDC-ADOPT-SCT-0134_Appointment.pdf', 'file_path': 'C:\\cursor mcp\\HVDC_Invoice_Audit\\01_DSV_SHPT\\Data\\DSV 202509\\SCNT Import (Sept 2025) - Supporting Documents\\07. HVDC-ADOPT-SCT-0134\\HVDC-ADOPT-SCT-0134_Appointment.pdf', 'doc_type': 'DO', 'file_size': 57982}, {'file_name': 'HVDC-ADOPT-SCT-0134_BOE.pdf', 'file_path': 'C:\\cursor mcp\\HVDC_Invoice_Audit\\01_DSV_SHPT\\Data\\DSV 202509\\SCNT Import (Sept 2025) - Supporting Documents\\07. HVDC-ADOPT-SCT-0134\\HVDC-ADOPT-SCT-0134_BOE.pdf', 'doc_type': 'BOE', 'file_size': 249160}, {'file_name': 'HVDC-ADOPT-SCT-0134_DN (1FB - AUHAirport-MIR-SHU).pdf', 'file_path': 'C:\\cursor mcp\\HVDC_Invoice_Audit\\01_DSV_SHPT\\Data\\DSV 202509\\SCNT Import (Sept 2025) - Supporting Documents\\07. HVDC-ADOPT-SCT-0134\\HVDC-ADOPT-SCT-0134_DN (1FB - AUHAirport-MIR-SHU).pdf', 'doc_type': 'DN', 'file_size': 22059}, {'file_name': 'HVDC-ADOPT-SCT-0134_DN (3TonPU - AUHAirport-MOSB).pdf', 'file_path': 'C:\\cursor mcp\\HVDC_Invoice_Audit\\01_DSV_SHPT\\Data\\DSV 202509\\SCNT Import (Sept 2025) - Supporting Documents\\07. HVDC-ADOPT-SCT-0134\\HVDC-ADOPT-SCT-0134_DN (3TonPU - AUHAirport-MOSB).pdf', 'doc_type': 'DN', 'file_size': 16751}, {'file_name': 'HVDC-ADOPT-SCT-0134_DO.pdf', 'file_path': 'C:\\cursor mcp\\HVDC_Invoice_Audit\\01_DSV_SHPT\\Data\\DSV 202509\\SCNT Import (Sept 2025) - Supporting Documents\\07. HVDC-ADOPT-SCT-0134\\HVDC-ADOPT-SCT-0134_DO.pdf', 'doc_type': 'DO', 'file_size': 38250}]",6,"['BOE', 'DO', 'DN']"
5,SCT0134,TRANSPORTATION CHARGES (1 FB) FROM AUH AIRPORT TO MIRFA + SHUWEIHAT,CONTRACT,810.0,1.0,810.0,PASS,OK,0.0,PASS,Contract,[],0.03,,,PASS,100.0,,"[{'file_name': 'HVDC-ADOPT-SCT-0134_AirportFees.pdf', 'file_path': 'C:\\cursor mcp\\HVDC_Invoice_Audit\\01_DSV_SHPT\\Data\\DSV 202509\\SCNT Import (Sept 2025) - Supporting Documents\\07. HVDC-ADOPT-SCT-0134\\HVDC-ADOPT-SCT-0134_AirportFees.pdf', 'doc_type': 'DO', 'file_size': 64447}, {'file_name': 'HVDC-ADOPT-SCT-0134_Appointment.pdf', 'file_path': 'C:\\cursor mcp\\HVDC_Invoice_Audit\\01_DSV_SHPT\\Data\\DSV 202509\\SCNT Import (Sept 2025) - Supporting Documents\\07. HVDC-ADOPT-SCT-0134\\HVDC-ADOPT-SCT-0134_Appointment.pdf', 'doc_type': 'DO', 'file_size': 57982}, {'file_name': 'HVDC-ADOPT-SCT-0134_BOE.pdf', 'file_path': 'C:\\cursor mcp\\HVDC_Invoice_Audit\\01_DSV_SHPT\\Data\\DSV 202509\\SCNT Import (Sept 2025) - Supporting Documents\\07. HVDC-ADOPT-SCT-0134\\HVDC-ADOPT-SCT-0134_BOE.pdf', 'doc_type': 'BOE', 'file_size': 249160}, {'file_name': 'HVDC-ADOPT-SCT-0134_DN (1FB - AUHAirport-MIR-SHU).pdf', 'file_path': 'C:\\cursor mcp\\HVDC_Invoice_Audit\\01_DSV_SHPT\\Data\\DSV 202509\\SCNT Import (Sept 2025) - Supporting Documents\\07. HVDC-ADOPT-SCT-0134\\HVDC-ADOPT-SCT-0134_DN (1FB - AUHAirport-MIR-SHU).pdf', 'doc_type': 'DN', 'file_size': 22059}, {'file_name': 'HVDC-ADOPT-SCT-0134_DN (3TonPU - AUHAirport-MOSB).pdf', 'file_path': 'C:\\cursor mcp\\HVDC_Invoice_Audit\\01_DSV_SHPT\\Data\\DSV 202509\\SCNT Import (Sept 2025) - Supporting Documents\\07. HVDC-ADOPT-SCT-0134\\HVDC-ADOPT-SCT-0134_DN (3TonPU - AUHAirport-MOSB).pdf', 'doc_type': 'DN', 'file_size': 16751}, {'file_name': 'HVDC-ADOPT-SCT-0134_DO.pdf', 'file_path': 'C:\\cursor mcp\\HVDC_Invoice_Audit\\01_DSV_SHPT\\Data\\DSV 202509\\SCNT Import (Sept 2025) - Supporting Documents\\07. HVDC-ADOPT-SCT-0134\\HVDC-ADOPT-SCT-0134_DO.pdf', 'doc_type': 'DO', 'file_size': 38250}]",6,"['BOE', 'DO', 'DN']"
6,SCT0134,DOCUMENTATION PROCESSING FEE,AT COST,9.530292716133424,1.0,9.530292716133424,PASS,OK,0.0,PASS,AtCost,[],0.03,,,PASS,100.0,,"[{'file_name': 'HVDC-ADOPT-SCT-0134_AirportFees.pdf', 'file_path': 'C:\\cursor mcp\\HVDC_Invoice_Audit\\01_DSV_SHPT\\Data\\DSV 202509\\SCNT Import (Sept 2025) - Supporting Documents\\07. HVDC-ADOPT-SCT-0134\\HVDC-ADOPT-SCT-0134_AirportFees.pdf', 'doc_type': 'DO', 'file_size': 64447}, {'file_name': 'HVDC-ADOPT-SCT-0134_Appointment.pdf', 'file_path': 'C:\\cursor mcp\\HVDC_Invoice_Audit\\01_DSV_SHPT\\Data\\DSV 202509\\SCNT Import (Sept 2025) - Supporting Documents\\07. HVDC-ADOPT-SCT-0134\\HVDC-ADOPT-SCT-0134_Appointment.pdf', 'doc_type': 'DO', 'file_size': 57982}, {'file_name': 'HVDC-ADOPT-SCT-0134_BOE.pdf', 'file_path': 'C:\\cursor mcp\\HVDC_Invoice_Audit\\01_DSV_SHPT\\Data\\DSV 202509\\SCNT Import (Sept 2025) - Supporting Documents\\07. HVDC-ADOPT-SCT-0134\\HVDC-ADOPT-SCT-0134_BOE.pdf', 'doc_type': 'BOE', 'file_size': 249160}, {'file_name': 'HVDC-ADOPT-SCT-0134_DN (1FB - AUHAirport-MIR-SHU).pdf', 'file_path': 'C:\\cursor mcp\\HVDC_Invoice_Audit\\01_DSV_SHPT\\Data\\DSV 202509\\SCNT Import (Sept 2025) - Supporting Documents\\07. HVDC-ADOPT-SCT-0134\\HVDC-ADOPT-SCT-0134_DN (1FB - AUHAirport-MIR-SHU).pdf', 'doc_type': 'DN', 'file_size': 22059}, {'file_name': 'HVDC-ADOPT-SCT-0134_DN (3TonPU - AUHAirport-MOSB).pdf', 'file_path': 'C:\\cursor mcp\\HVDC_Invoice_Audit\\01_DSV_SHPT\\Data\\DSV 202509\\SCNT Import (Sept 2025) - Supporting Documents\\07. HVDC-ADOPT-SCT-0134\\HVDC-ADOPT-SCT-0134_DN (3TonPU - AUHAirport-MOSB).pdf', 'doc_type': 'DN', 'file_size': 16751}, {'file_name': 'HVDC-ADOPT-SCT-0134_DO.pdf', 'file_path': 'C:\\cursor mcp\\HVDC_Invoice_Audit\\01_DSV_SHPT\\Data\\DSV 202509\\SCNT Import (Sept 2025) - Supporting Documents\\07. HVDC-ADOPT-SCT-0134\\HVDC-ADOPT-SCT-0134_DO.pdf', 'doc_type': 'DO', 'file_size': 38250}]",6,"['BOE', 'DO', 'DN']"
7,SCT0134,TRUCK APPOINTMENT FEE,AT COST,7.351940095302927,1.0,7.351940095302927,PASS,OK,0.03,PASS,PortalFee,[],0.005,7.35,27.0,PASS,100.0,,"[{'file_name': 'HVDC-ADOPT-SCT-0134_AirportFees.pdf', 'file_path': 'C:\\cursor mcp\\HVDC_Invoice_Audit\\01_DSV_SHPT\\Data\\DSV 202509\\SCNT Import (Sept 2025) - Supporting Documents\\07. HVDC-ADOPT-SCT-0134\\HVDC-ADOPT-SCT-0134_AirportFees.pdf', 'doc_type': 'DO', 'file_size': 64447}, {'file_name': 'HVDC-ADOPT-SCT-0134_Appointment.pdf', 'file_path': 'C:\\cursor mcp\\HVDC_Invoice_Audit\\01_DSV_SHPT\\Data\\DSV 202509\\SCNT Import (Sept 2025) - Supporting Documents\\07. HVDC-ADOPT-SCT-0134\\HVDC-ADOPT-SCT-0134_Appointment.pdf', 'doc_type': 'DO', 'file_size': 57982}, {'file_name': 'HVDC-ADOPT-SCT-0134_BOE.pdf', 'file_path': 'C:\\cursor mcp\\HVDC_Invoice_Audit\\01_DSV_SHPT\\Data\\DSV 202509\\SCNT Import (Sept 2025) - Supporting Documents\\07. HVDC-ADOPT-SCT-0134\\HVDC-ADOPT-SCT-0134_BOE.pdf', 'doc_type': 'BOE', 'file_size': 249160}, {'file_name': 'HVDC-ADOPT-SCT-0134_DN (1FB - AUHAirport-MIR-SHU).pdf', 'file_path': 'C:\\cursor mcp\\HVDC_Invoice_Audit\\01_DSV_SHPT\\Data\\DSV 202509\\SCNT Import (Sept 2025) - Supporting Documents\\07. HVDC-ADOPT-SCT-0134\\HVDC-ADOPT-SCT-0134_DN (1FB - AUHAirport-MIR-SHU).pdf', 'doc_type': 'DN', 'file_size': 22059}, {'file_name': 'HVDC-ADOPT-SCT-0134_DN (3TonPU - AUHAirport-MOSB).pdf', 'file_path': 'C:\\cursor mcp\\HVDC_Invoice_Audit\\01_DSV_SHPT\\Data\\DSV 202509\\SCNT Import (Sept 2025) - Supporting Documents\\07. HVDC-ADOPT-SCT-0134\\HVDC-ADOPT-SCT-0134_DN (3TonPU - AUHAirport-MOSB).pdf', 'doc_type': 'DN', 'file_size': 16751}, {'file_name': 'HVDC-ADOPT-SCT-0134_DO.pdf', 'file_path': 'C:\\cursor mcp\\HVDC_Invoice_Audit\\01_DSV_SHPT\\Data\\DSV 202509\\SCNT Import (Sept 2025) - Supporting Documents\\07. HVDC-ADOPT-SCT-0134\\HVDC-ADOPT-SCT-0134_DO.pdf', 'doc_type': 'DO', 'file_size': 38250}]",6,"['BOE', 'DO', 'DN']"
1,HE0471,MASTER DO FEE,CONTRACT,150.0,1.0,150.0,REVIEW_NEEDED,OK,0.0,PASS,Contract,[],0.03,,,FAIL,75.0,Gate_01,"[{'file_name': 'HVDC-ADOPT-HE-0471_BOE.pdf', 'file_path': 'C:\\cursor mcp\\HVDC_Invoice_Audit\\01_DSV_SHPT\\Data\\DSV 202509\\SCNT Import (Sept 2025) - Supporting Documents\\08. HVDC-ADOPT-HE-0471\\HVDC-ADOPT-HE-0471_BOE.pdf', 'doc_type': 'BOE', 'file_size': 224030}]",1,['BOE']
2,HE0471,CUSTOMS CLEARANCE FEE,CONTRACT,150.0,1.0,150.0,REVIEW_NEEDED,OK,0.0,PASS,Contract,[],0.03,,,FAIL,75.0,Gate_01,"[{'file_name': 'HVDC-ADOPT-HE-0471_BOE.pdf', 'file_path': 'C:\\cursor mcp\\HVDC_Invoice_Audit\\01_DSV_SHPT\\Data\\DSV 202509\\SCNT Import (Sept 2025) - Supporting Documents\\08. HVDC-ADOPT-HE-0471\\HVDC-ADOPT-HE-0471_BOE.pdf', 'doc_type': 'BOE', 'file_size': 224030}]",1,['BOE']
1,HE0472,MASTER DO FEE,CONTRACT,150.0,1.0,150.0,REVIEW_NEEDED,OK,0.0,PASS,Contract,[],0.03,,,FAIL,75.0,Gate_01,"[{'file_name': 'HVDC-ADOPT-HE-0472_BOE.pdf', 'file_path': 'C:\\cursor mcp\\HVDC_Invoice_Audit\\01_DSV_SHPT\\Data\\DSV 202509\\SCNT Import (Sept 2025) - Supporting Documents\\09. HVDC-ADOPT-HE-0472\\HVDC-ADOPT-HE-0472_BOE.pdf', 'doc_type': 'BOE', 'file_size': 221830}]",1,['BOE']
2,HE0472,CUSTOMS CLEARANCE FEE,CONTRACT,150.0,1.0,150.0,REVIEW_NEEDED,OK,0.0,PASS,Contract,[],0.03,,,FAIL,75.0,Gate_01,"[{'file_name': 'HVDC-ADOPT-HE-0472_BOE.pdf', 'file_path': 'C:\\cursor mcp\\HVDC_Invoice_Audit\\01_DSV_SHPT\\Data\\DSV 202509\\SCNT Import (Sept 2025) - Supporting Documents\\09. HVDC-ADOPT-HE-0472\\HVDC-ADOPT-HE-0472_BOE.pdf', 'doc_type': 'BOE', 'file_size': 221830}]",1,['BOE']
1,HE0473,MASTER DO FEE,CONTRACT,150.0,1.0,150.0,REVIEW_NEEDED,OK,0.0,PASS,Contract,[],0.03,,,FAIL,75.0,Gate_01,"[{'file_name': 'HVDC-ADOPT-HE-0473_BOE.pdf', 'file_path': 'C:\\cursor mcp\\HVDC_Invoice_Audit\\01_DSV_SHPT\\Data\\DSV 202509\\SCNT Import (Sept 2025) - Supporting Documents\\10. HVDC-ADOPT-HE-0473\\HVDC-ADOPT-HE-0473_BOE.pdf', 'doc_type': 'BOE', 'file_size': 296718}]",1,['BOE']
2,HE0473,CUSTOMS CLEARANCE FEE,CONTRACT,150.0,1.0,150.0,REVIEW_NEEDED,OK,0.0,PASS,Contract,[],0.03,,,FAIL,75.0,Gate_01,"[{'file_name': 'HVDC-ADOPT-HE-0473_BOE.pdf', 'file_path': 'C:\\cursor mcp\\HVDC_Invoice_Audit\\01_DSV_SHPT\\Data\\DSV 202509\\SCNT Import (Sept 2025) - Supporting Documents\\10. HVDC-ADOPT-HE-0473\\HVDC-ADOPT-HE-0473_BOE.pdf', 'doc_type': 'BOE', 'file_size': 296718}]",1,['BOE']
1,"HE0450,0459,0460",MASTER DO FEE,CONTRACT,150.0,1.0,150.0,REVIEW_NEEDED,OK,0.0,PASS,Contract,[],0.03,,,FAIL,62.5,Gate_01,[],0,[]
2,"HE0450,0459,0460",CUSTOMS CLEARANCE FEE,CONTRACT,150.0,1.0,150.0,REVIEW_NEEDED,OK,0.0,PASS,Contract,[],0.03,,,FAIL,62.5,Gate_01,[],0,[]
1,"HE0466,0467,0468",MASTER DO FEE,CONTRACT,150.0,1.0,150.0,REVIEW_NEEDED,OK,0.0,PASS,Contract,[],0.03,,,FAIL,75.0,Gate_01,"[{'file_name': 'HVDC-ADOPT-HE-0466,0467,0468_BOE.pdf', 'file_path': 'C:\\cursor mcp\\HVDC_Invoice_Audit\\01_DSV_SHPT\\Data\\DSV 202509\\SCNT Import (Sept 2025) - Supporting Documents\\12. HVDC-ADOPT-HE-0466, 0467, 0468\\HVDC-ADOPT-HE-0466,0467,0468_BOE.pdf', 'doc_type': 'BOE', 'file_size': 298495}]",1,['BOE']
2,"HE0466,0467,0468",CUSTOMS CLEARANCE FEE,CONTRACT,150.0,1.0,150.0,REVIEW_NEEDED,OK,0.0,PASS,Contract,[],0.03,,,FAIL,75.0,Gate_01,"[{'file_name': 'HVDC-ADOPT-HE-0466,0467,0468_BOE.pdf', 'file_path': 'C:\\cursor mcp\\HVDC_Invoice_Audit\\01_DSV_SHPT\\Data\\DSV 202509\\SCNT Import (Sept 2025) - Supporting Documents\\12. HVDC-ADOPT-HE-0466, 0467, 0468\\HVDC-ADOPT-HE-0466,0467,0468_BOE.pdf', 'doc_type': 'BOE', 'file_size': 298495}]",1,['BOE']
1,"HE0464,0465,0470",MASTER DO FEE,CONTRACT,150.0,1.0,150.0,REVIEW_NEEDED,OK,0.0,PASS,Contract,[],0.03,,,FAIL,62.5,Gate_01,[],0,[]
2,"HE0464,0465,0470",CUSTOMS CLEARANCE FEE,CONTRACT,150.0,1.0,150.0,REVIEW_NEEDED,OK,0.0,PASS,Contract,[],0.03,,,FAIL,62.5,Gate_01,[],0,[]
1,"HE0437,0438-2,0439-2,0440-1,044",MASTER DO FEE,CONTRACT,150.0,1.0,150.0,REVIEW_NEEDED,OK,0.0,PASS,Contract,[],0.03,,,FAIL,62.5,Gate_01,[],0,[]
2,"HE0437,0438-2,0439-2,0440-1,044",CUSTOMS CLEARANCE FEE,CONTRACT,150.0,1.0,150.0,REVIEW_NEEDED,OK,0.0,PASS,Contract,[],0.03,,,FAIL,62.5,Gate_01,[],0,[]
1,HE0487,MASTER DO FEE,CONTRACT,80.0,1.0,80.0,REVIEW_NEEDED,OK,0.0,PASS,Contract,[],0.03,,,FAIL,87.5,Gate_01,"[{'file_name': 'HVDC-ADOPT-HE-0487_BOE.pdf', 'file_path': 'C:\\cursor mcp\\HVDC_Invoice_Audit\\01_DSV_SHPT\\Data\\DSV 202509\\SCNT Import (Sept 2025) - Supporting Documents\\15. HVDC-ADOPT-HE-0487\\HVDC-ADOPT-HE-0487_BOE.pdf', 'doc_type': 'BOE', 'file_size': 249379}, {'file_name': 'HVDC-ADOPT-HE-0487_DN.pdf', 'file_path': 'C:\\cursor mcp\\HVDC_Invoice_Audit\\01_DSV_SHPT\\Data\\DSV 202509\\SCNT Domestic (Sept 2025) - Supporting Documents\\09. HVDC-ADOPT-HE-0487\\HVDC-ADOPT-HE-0487_DN.pdf', 'doc_type': 'DN', 'file_size': 69821}]",2,"['BOE', 'DN']"
2,HE0487,CUSTOMS CLEARANCE FEE,CONTRACT,150.0,1.0,150.0,REVIEW_NEEDED,OK,0.0,PASS,Contract,[],0.03,,,FAIL,87.5,Gate_01,"[{'file_name': 'HVDC-ADOPT-HE-0487_BOE.pdf', 'file_path': 'C:\\cursor mcp\\HVDC_Invoice_Audit\\01_DSV_SHPT\\Data\\DSV 202509\\SCNT Import (Sept 2025) - Supporting Documents\\15. HVDC-ADOPT-HE-0487\\HVDC-ADOPT-HE-0487_BOE.pdf', 'doc_type': 'BOE', 'file_size': 249379}, {'file_name': 'HVDC-ADOPT-HE-0487_DN.pdf', 'file_path': 'C:\\cursor mcp\\HVDC_Invoice_Audit\\01_DSV_SHPT\\Data\\DSV 202509\\SCNT Domestic (Sept 2025) - Supporting Documents\\09. HVDC-ADOPT-HE-0487\\HVDC-ADOPT-HE-0487_DN.pdf', 'doc_type': 'DN', 'file_size': 69821}]",2,"['BOE', 'DN']"
1,HE0438-0454,MASTER DO FEE,CONTRACT,150.0,1.0,150.0,REVIEW_NEEDED,OK,0.0,PASS,Contract,[],0.03,,,FAIL,62.5,Gate_01,[],0,[]
2,HE0438-0454,CUSTOMS CLEARANCE FEE,CONTRACT,150.0,1.0,150.0,REVIEW_NEEDED,OK,0.0,PASS,Contract,[],0.03,,,FAIL,62.5,Gate_01,[],0,[]
1,"HE0425,0426,0427,0428",MASTER DO FEE,CONTRACT,150.0,1.0,150.0,REVIEW_NEEDED,OK,0.0,PASS,Contract,[],0.03,,,FAIL,75.0,Gate_01,"[{'file_name': 'HVDC-ADOPT-HE-0425,0426,0427,0428_BOE.pdf', 'file_path': 'C:\\cursor mcp\\HVDC_Invoice_Audit\\01_DSV_SHPT\\Data\\DSV 202509\\SCNT Import (Sept 2025) - Supporting Documents\\17. HVDC-ADOPT-HE-0425, 0426, 0427, 0428\\HVDC-ADOPT-HE-0425,0426,0427,0428_BOE.pdf', 'doc_type': 'BOE', 'file_size': 297638}]",1,['BOE']
2,"HE0425,0426,0427,0428",CUSTOMS CLEARANCE FEE,CONTRACT,150.0,1.0,150.0,REVIEW_NEEDED,OK,0.0,PASS,Contract,[],0.03,,,FAIL,75.0,Gate_01,"[{'file_name': 'HVDC-ADOPT-HE-0425,0426,0427,0428_BOE.pdf', 'file_path': 'C:\\cursor mcp\\HVDC_Invoice_Audit\\01_DSV_SHPT\\Data\\DSV 202509\\SCNT Import (Sept 2025) - Supporting Documents\\17. HVDC-ADOPT-HE-0425, 0426, 0427, 0428\\HVDC-ADOPT-HE-0425,0426,0427,0428_BOE.pdf', 'doc_type': 'BOE', 'file_size': 297638}]",1,['BOE']
1,HE0475,MASTER DO FEE,CONTRACT,150.0,1.0,150.0,REVIEW_NEEDED,OK,0.0,PASS,Contract,[],0.03,,,FAIL,75.0,Gate_01,"[{'file_name': 'HVDC-ADOPT-HE-0475_BOE.pdf', 'file_path': 'C:\\cursor mcp\\HVDC_Invoice_Audit\\01_DSV_SHPT\\Data\\DSV 202509\\SCNT Import (Sept 2025) - Supporting Documents\\18. HVDC-ADOPT-HE-0475\\HVDC-ADOPT-HE-0475_BOE.pdf', 'doc_type': 'BOE', 'file_size': 297543}]",1,['BOE']
2,HE0475,CUSTOMS CLEARANCE FEE,CONTRACT,150.0,1.0,150.0,REVIEW_NEEDED,OK,0.0,PASS,Contract,[],0.03,,,FAIL,75.0,Gate_01,"[{'file_name': 'HVDC-ADOPT-HE-0475_BOE.pdf', 'file_path': 'C:\\cursor mcp\\HVDC_Invoice_Audit\\01_DSV_SHPT\\Data\\DSV 202509\\SCNT Import (Sept 2025) - Supporting Documents\\18. HVDC-ADOPT-HE-0475\\HVDC-ADOPT-HE-0475_BOE.pdf', 'doc_type': 'BOE', 'file_size': 297543}]",1,['BOE']
1,HE0497,MASTER DO FEE,CONTRACT,80.0,2.0,160.0,REVIEW_NEEDED,OK,0.0,PASS,Contract,[],0.03,,,FAIL,75.0,Gate_01,"[{'file_name': 'HVDC-ADOPT-HE-0497_BOE (Part1).pdf', 'file_path': 'C:\\cursor mcp\\HVDC_Invoice_Audit\\01_DSV_SHPT\\Data\\DSV 202509\\SCNT Import (Sept 2025) - Supporting Documents\\19. HVDC-ADOPT-HE-0497\\HVDC-ADOPT-HE-0497_BOE (Part1).pdf', 'doc_type': 'BOE', 'file_size': 188298}, {'file_name': 'HVDC-ADOPT-HE-0497_BOE (Part2).pdf', 'file_path': 'C:\\cursor mcp\\HVDC_Invoice_Audit\\01_DSV_SHPT\\Data\\DSV 202509\\SCNT Import (Sept 2025) - Supporting Documents\\19. HVDC-ADOPT-HE-0497\\HVDC-ADOPT-HE-0497_BOE (Part2).pdf', 'doc_type': 'BOE', 'file_size': 189507}]",2,['BOE']
2,HE0497,CUSTOMS CLEARANCE FEE,CONTRACT,150.0,2.0,300.0,REVIEW_NEEDED,OK,0.0,PASS,Contract,[],0.03,,,FAIL,75.0,Gate_01,"[{'file_name': 'HVDC-ADOPT-HE-0497_BOE (Part1).pdf', 'file_path': 'C:\\cursor mcp\\HVDC_Invoice_Audit\\01_DSV_SHPT\\Data\\DSV 202509\\SCNT Import (Sept 2025) - Supporting Documents\\19. HVDC-ADOPT-HE-0497\\HVDC-ADOPT-HE-0497_BOE (Part1).pdf', 'doc_type': 'BOE', 'file_size': 188298}, {'file_name': 'HVDC-ADOPT-HE-0497_BOE (Part2).pdf', 'file_path': 'C:\\cursor mcp\\HVDC_Invoice_Audit\\01_DSV_SHPT\\Data\\DSV 202509\\SCNT Import (Sept 2025) - Supporting Documents\\19. HVDC-ADOPT-HE-0497\\HVDC-ADOPT-HE-0497_BOE (Part2).pdf', 'doc_type': 'BOE', 'file_size': 189507}]",2,['BOE']
1,HE0500,MASTER DO FEE,CONTRACT,80.0,1.0,80.0,REVIEW_NEEDED,OK,0.0,PASS,Contract,[],0.03,,,FAIL,75.0,Gate_01,"[{'file_name': 'HVDC-ADOPT-HE-0500_BOE.pdf', 'file_path': 'C:\\cursor mcp\\HVDC_Invoice_Audit\\01_DSV_SHPT\\Data\\DSV 202509\\SCNT Import (Sept 2025) - Supporting Documents\\20. HVDC-ADOPT-HE-0500\\HVDC-ADOPT-HE-0500_BOE.pdf', 'doc_type': 'BOE', 'file_size': 302489}]",1,['BOE']
2,HE0500,CUSTOMS CLEARANCE FEE,CONTRACT,150.0,1.0,150.0,REVIEW_NEEDED,OK,0.0,PASS,Contract,[],0.03,,,FAIL,75.0,Gate_01,"[{'file_name': 'HVDC-ADOPT-HE-0500_BOE.pdf', 'file_path': 'C:\\cursor mcp\\HVDC_Invoice_Audit\\01_DSV_SHPT\\Data\\DSV 202509\\SCNT Import (Sept 2025) - Supporting Documents\\20. HVDC-ADOPT-HE-0500\\HVDC-ADOPT-HE-0500_BOE.pdf', 'doc_type': 'BOE', 'file_size': 302489}]",1,['BOE']
1,HE0488,MASTER DO FEE,CONTRACT,80.0,1.0,80.0,REVIEW_NEEDED,OK,0.0,PASS,Contract,[],0.03,,,FAIL,75.0,Gate_01,"[{'file_name': 'HVDC-ADOPT-HE-0488_BOE.pdf', 'file_path': 'C:\\cursor mcp\\HVDC_Invoice_Audit\\01_DSV_SHPT\\Data\\DSV 202509\\SCNT Import (Sept 2025) - Supporting Documents\\21. HVDC-ADOPT-HE-0488\\HVDC-ADOPT-HE-0488_BOE.pdf', 'doc_type': 'BOE', 'file_size': 303799}]",1,['BOE']
2,HE0488,CUSTOMS CLEARANCE FEE,CONTRACT,150.0,1.0,150.0,REVIEW_NEEDED,OK,0.0,PASS,Contract,[],0.03,,,FAIL,75.0,Gate_01,"[{'file_name': 'HVDC-ADOPT-HE-0488_BOE.pdf', 'file_path': 'C:\\cursor mcp\\HVDC_Invoice_Audit\\01_DSV_SHPT\\Data\\DSV 202509\\SCNT Import (Sept 2025) - Supporting Documents\\21. HVDC-ADOPT-HE-0488\\HVDC-ADOPT-HE-0488_BOE.pdf', 'doc_type': 'BOE', 'file_size': 303799}]",1,['BOE']
1,"HE0495,0496",MASTER DO FEE,CONTRACT,80.0,2.0,160.0,REVIEW_NEEDED,OK,0.0,PASS,Contract,[],0.03,,,FAIL,62.5,Gate_01,[],0,[]
2,"HE0495,0496",CUSTOMS CLEARANCE FEE,CONTRACT,150.0,2.0,300.0,REVIEW_NEEDED,OK,0.0,PASS,Contract,[],0.03,,,FAIL,62.5,Gate_01,[],0,[]
1,HE0498,MASTER DO FEE,CONTRACT,80.0,1.0,80.0,REVIEW_NEEDED,OK,0.0,PASS,Contract,[],0.03,,,FAIL,75.0,Gate_01,"[{'file_name': 'HVDC-ADOPT-HE-0498_BOE.pdf', 'file_path': 'C:\\cursor mcp\\HVDC_Invoice_Audit\\01_DSV_SHPT\\Data\\DSV 202509\\SCNT Import (Sept 2025) - Supporting Documents\\23. HVDC-ADOPT-HE-0498\\HVDC-ADOPT-HE-0498_BOE.pdf', 'doc_type': 'BOE', 'file_size': 249798}]",1,['BOE']
2,HE0498,CUSTOMS CLEARANCE FEE,CONTRACT,150.0,1.0,150.0,REVIEW_NEEDED,OK,0.0,PASS,Contract,[],0.03,,,FAIL,75.0,Gate_01,"[{'file_name': 'HVDC-ADOPT-HE-0498_BOE.pdf', 'file_path': 'C:\\cursor mcp\\HVDC_Invoice_Audit\\01_DSV_SHPT\\Data\\DSV 202509\\SCNT Import (Sept 2025) - Supporting Documents\\23. HVDC-ADOPT-HE-0498\\HVDC-ADOPT-HE-0498_BOE.pdf', 'doc_type': 'BOE', 'file_size': 249798}]",1,['BOE']
1,HE0501,MASTER DO FEE,CONTRACT,80.0,1.0,80.0,REVIEW_NEEDED,OK,0.0,PASS,Contract,[],0.03,,,FAIL,75.0,Gate_01,"[{'file_name': 'HVDC-ADOPT-HE-0501_BOE.pdf', 'file_path': 'C:\\cursor mcp\\HVDC_Invoice_Audit\\01_DSV_SHPT\\Data\\DSV 202509\\SCNT Import (Sept 2025) - Supporting Documents\\24. HVDC-ADOPT-HE-0501\\HVDC-ADOPT-HE-0501_BOE.pdf', 'doc_type': 'BOE', 'file_size': 250342}]",1,['BOE']
2,HE0501,CUSTOMS CLEARANCE FEE,CONTRACT,150.0,1.0,150.0,REVIEW_NEEDED,OK,0.0,PASS,Contract,[],0.03,,,FAIL,75.0,Gate_01,"[{'file_name': 'HVDC-ADOPT-HE-0501_BOE.pdf', 'file_path': 'C:\\cursor mcp\\HVDC_Invoice_Audit\\01_DSV_SHPT\\Data\\DSV 202509\\SCNT Import (Sept 2025) - Supporting Documents\\24. HVDC-ADOPT-HE-0501\\HVDC-ADOPT-HE-0501_BOE.pdf', 'doc_type': 'BOE', 'file_size': 250342}]",1,['BOE']
1,HE0502,MASTER DO FEE,CONTRACT,80.0,1.0,80.0,REVIEW_NEEDED,OK,0.0,PASS,Contract,[],0.03,,,FAIL,75.0,Gate_01,"[{'file_name': 'HVDC-ADOPT-HE-0502_BOE.pdf', 'file_path': 'C:\\cursor mcp\\HVDC_Invoice_Audit\\01_DSV_SHPT\\Data\\DSV 202509\\SCNT Import (Sept 2025) - Supporting Documents\\25. HVDC-ADOPT-HE-0502\\HVDC-ADOPT-HE-0502_BOE.pdf', 'doc_type': 'BOE', 'file_size': 249258}]",1,['BOE']
2,HE0502,CUSTOMS CLEARANCE FEE,CONTRACT,150.0,1.0,150.0,REVIEW_NEEDED,OK,0.0,PASS,Contract,[],0.03,,,FAIL,75.0,Gate_01,"[{'file_name': 'HVDC-ADOPT-HE-0502_BOE.pdf', 'file_path': 'C:\\cursor mcp\\HVDC_Invoice_Audit\\01_DSV_SHPT\\Data\\DSV 202509\\SCNT Import (Sept 2025) - Supporting Documents\\25. HVDC-ADOPT-HE-0502\\HVDC-ADOPT-HE-0502_BOE.pdf', 'doc_type': 'BOE', 'file_size': 249258}]",1,['BOE']
1,HE0499L1,BILL OF ENTRY,DUTY,150.0,1.0,150.0,REVIEW_NEEDED,OK,0.0,PASS,Other,[],0.03,,,FAIL,62.5,Gate_01,[],0,[]
2,HE0499L1,REGISTERATION FEE & KNOWLEDGE DIRHAM,DUTY,24.51,1.0,24.51,REVIEW_NEEDED,OK,0.0,PASS,Other,[],0.03,,,FAIL,62.5,Gate_01,[],0,[]
3,HE0499L1,DOCS PROCESSING,DUTY,15.72,1.0,15.72,REVIEW_NEEDED,OK,0.0,PASS,Other,[],0.03,,,FAIL,62.5,Gate_01,[],0,[]
4,HE0499L1,GATE PASS CHARGES,DUTY,8.58,1.0,8.58,REVIEW_NEEDED,OK,0.0,PASS,Other,[],0.03,,,FAIL,62.5,Gate_01,[],0,[]
5,HE0499L1,CODE IN JEBAL ALI SUBSCRIPTION,DUTY,85.77,1.0,85.77,REVIEW_NEEDED,OK,0.0,PASS,Other,[],0.03,,,FAIL,62.5,Gate_01,[],0,[]
6,HE0499L1,CUSTOMS INSPECTION,DUTY,125.0,1.0,125.0,REVIEW_NEEDED,OK,0.0,PASS,Other,[],0.03,,,FAIL,62.5,Gate_01,[],0,[]
7,HE0499L1,PRO CUSTOMS,DUTY,150.0,1.0,150.0,REVIEW_NEEDED,OK,0.0,PASS,Other,[],0.03,,,FAIL,62.5,Gate_01,[],0,[]
8,HE0499L1,OUTLAY FEE ON CUSTOMS DUTY CHARGES,DUTY,1978.35,1.0,1978.35,REVIEW_NEEDED,OK,0.0,PASS,Other,[],0.03,,,FAIL,62.5,Gate_01,[],0,[]
9,HE0499L1,Pass-through Customs Documentation Fee,DUTY,85.77,1.0,85.77,REVIEW_NEEDED,OK,0.0,PASS,Other,[],0.03,,,FAIL,62.5,Gate_01,[],0,[]
10,HE0499L1,Others,DUTY,68.07,1.0,68.07,REVIEW_NEEDED,OK,0.0,PASS,Other,[],0.03,,,FAIL,62.5,Gate_01,[],0,[]
1,HE0499L2,BILL OF ENTRY,DUTY,150.0,1.0,150.0,REVIEW_NEEDED,OK,0.0,PASS,Other,[],0.03,,,FAIL,62.5,Gate_01,[],0,[]
2,HE0499L2,GATE PASS CHARGES,DUTY,8.58,1.0,8.58,REVIEW_NEEDED,OK,0.0,PASS,Other,[],0.03,,,FAIL,62.5,Gate_01,[],0,[]
3,HE0499L2,CUSTOMS INSPECITON,DUTY,125.0,1.0,125.0,REVIEW_NEEDED,OK,0.0,PASS,Other,[],0.03,,,FAIL,62.5,Gate_01,[],0,[]
4,HE0499L2,PRO CUSTOMS,DUTY,150.0,1.0,150.0,REVIEW_NEEDED,OK,0.0,PASS,Other,[],0.03,,,FAIL,62.5,Gate_01,[],0,[]
5,HE0499L2,DUTY OUTLAY FEE @ 5%,DUTY,989.18,1.0,989.18,REVIEW_NEEDED,OK,0.0,PASS,Other,[],0.03,,,FAIL,62.5,Gate_01,[],0,[]
1,HE0499L3,MASTER DO FEE,DUTY,150.0,1.0,150.0,REVIEW_NEEDED,OK,0.0,PASS,Other,[],0.03,,,FAIL,62.5,Gate_01,[],0,[]
2,HE0499L3,DOCUMENT PROCESSING FEE,DUTY,20.01,1.0,20.01,FAIL,CRITICAL,109.97,CRITICAL,PortalFee,[],0.005,9.53,35.0,FAIL,62.5,Gate_01,[],0,[]
3,HE0499L3,CUSTOMS INSPECTION,DUTY,125.0,1.0,125.0,REVIEW_NEEDED,OK,0.0,PASS,Other,[],0.03,,,FAIL,62.5,Gate_01,[],0,[]
4,HE0499L3,CUSTOMS INSPECTION (PRO Requirement),DUTY,150.0,1.0,150.0,REVIEW_NEEDED,OK,0.0,PASS,Other,[],0.03,,,FAIL,62.5,Gate_01,[],0,[]
5,HE0499L3,CUSTOMS DUTY OUTLAY FEE,DUTY,989.18,1.0,989.18,REVIEW_NEEDED,OK,0.0,PASS,Other,[],0.03,,,FAIL,62.5,Gate_01,[],0,[]
6,HE0499L3,EXPORT CUSTOMS CLEARANCE FEE,DUTY,150.0,1.0,150.0,REVIEW_NEEDED,OK,0.0,PASS,Other,[],0.03,,,FAIL,62.5,Gate_01,[],0,[]
